image_url,scientific_name,count
https://inaturalist-open-data.s3.amazonaws.com/photos/706879/medium.jpg,Abelmoschus esculentus,75
https://inaturalist-open-data.s3.amazonaws.com/photos/719451/medium.jpg,Abelmoschus esculentus,75
https://inaturalist-open-data.s3.amazonaws.com/photos/719452/medium.jpg,Abelmoschus esculentus,75
https://inaturalist-open-data.s3.amazonaws.com/photos/14453775/medium.jpg,Abelmoschus esculentus,75
https://static.inaturalist.org/photos/17009946/medium.jpeg,Abelmoschus esculentus,75
https://static.inaturalist.org/photos/31784421/medium.jpeg,Abelmoschus esculentus,75
https://inaturalist-open-data.s3.amazonaws.com/photos/31790548/medium.jpg,Abelmoschus esculentus,75
https://inaturalist-open-data.s3.amazonaws.com/photos/31790970/medium.jpg,Abelmoschus esculentus,75
https://inaturalist-open-data.s3.amazonaws.com/photos/31792727/medium.jpeg,Abelmoschus esculentus,75
https://static.inaturalist.org/photos/31794598/medium.jpeg,Abelmoschus esculentus,75
https://static.inaturalist.org/photos/31798558/medium.jpg,Abelmoschus esculentus,75
https://static.inaturalist.org/photos/31811577/medium.jpeg,Abelmoschus esculentus,75
https://static.inaturalist.org/photos/31822161/medium.jpg,Abelmoschus esculentus,75
https://static.inaturalist.org/photos/31822318/medium.jpeg,Abelmoschus esculentus,75
https://static.inaturalist.org/photos/31879989/medium.jpg,Abelmoschus esculentus,75
https://inaturalist-open-data.s3.amazonaws.com/photos/31903760/medium.jpg,Abelmoschus esculentus,75
https://inaturalist-open-data.s3.amazonaws.com/photos/36059118/medium.jpg,Abelmoschus esculentus,75
https://static.inaturalist.org/photos/36102595/medium.jpg,Abelmoschus esculentus,75
https://inaturalist-open-data.s3.amazonaws.com/photos/36102979/medium.jpeg,Abelmoschus esculentus,75
https://inaturalist-open-data.s3.amazonaws.com/photos/36103159/medium.jpeg,Abelmoschus esculentus,75
https://static.inaturalist.org/photos/36895807/medium.jpg,Abelmoschus esculentus,75
https://inaturalist-open-data.s3.amazonaws.com/photos/36915832/medium.jpeg,Abelmoschus esculentus,75
https://inaturalist-open-data.s3.amazonaws.com/photos/36940996/medium.jpg,Abelmoschus esculentus,75
https://inaturalist-open-data.s3.amazonaws.com/photos/36939394/medium.jpeg,Abelmoschus esculentus,75
https://static.inaturalist.org/photos/37321225/medium.jpg,Abelmoschus esculentus,75
https://inaturalist-open-data.s3.amazonaws.com/photos/37373658/medium.jpg,Abelmoschus esculentus,75
https://inaturalist-open-data.s3.amazonaws.com/photos/38300978/medium.jpg,Abelmoschus esculentus,75
https://inaturalist-open-data.s3.amazonaws.com/photos/40111408/medium.jpg,Abelmoschus esculentus,75
https://inaturalist-open-data.s3.amazonaws.com/photos/41719447/medium.jpeg,Abelmoschus esculentus,75
https://static.inaturalist.org/photos/49881317/medium.jpg,Abelmoschus esculentus,75
https://inaturalist-open-data.s3.amazonaws.com/photos/90922929/medium.jpg,Abelmoschus esculentus,75
https://static.inaturalist.org/photos/96158665/medium.jpeg,Abelmoschus esculentus,75
https://static.inaturalist.org/photos/102718537/medium.jpeg,Abelmoschus esculentus,75
https://static.inaturalist.org/photos/107988304/medium.jpg,Abelmoschus esculentus,75
https://inaturalist-open-data.s3.amazonaws.com/photos/109179030/medium.jpg,Abelmoschus esculentus,75
https://inaturalist-open-data.s3.amazonaws.com/photos/111192769/medium.jpeg,Abelmoschus esculentus,75
https://inaturalist-open-data.s3.amazonaws.com/photos/116387363/medium.jpeg,Abelmoschus esculentus,75
https://inaturalist-open-data.s3.amazonaws.com/photos/116482344/medium.jpeg,Abelmoschus esculentus,75
https://inaturalist-open-data.s3.amazonaws.com/photos/118096509/medium.jpeg,Abelmoschus esculentus,75
https://static.inaturalist.org/photos/120607961/medium.jpeg,Abelmoschus esculentus,75
https://inaturalist-open-data.s3.amazonaws.com/photos/121112890/medium.jpg,Abelmoschus esculentus,75
https://static.inaturalist.org/photos/122664446/medium.jpeg,Abelmoschus esculentus,75
https://static.inaturalist.org/photos/125009934/medium.jpg,Abelmoschus esculentus,75
https://static.inaturalist.org/photos/125666458/medium.jpeg,Abelmoschus esculentus,75
https://static.inaturalist.org/photos/127142743/medium.jpeg,Abelmoschus esculentus,75
https://inaturalist-open-data.s3.amazonaws.com/photos/127171379/medium.jpeg,Abelmoschus esculentus,75
https://inaturalist-open-data.s3.amazonaws.com/photos/127418300/medium.jpeg,Abelmoschus esculentus,75
https://static.inaturalist.org/photos/127620127/medium.jpeg,Abelmoschus esculentus,75
https://static.inaturalist.org/photos/130722065/medium.jpeg,Abelmoschus esculentus,75
https://static.inaturalist.org/photos/131449958/medium.jpg,Abelmoschus esculentus,75
https://static.inaturalist.org/photos/134956663/medium.jpeg,Abelmoschus esculentus,75
https://inaturalist-open-data.s3.amazonaws.com/photos/140862271/medium.jpeg,Abelmoschus esculentus,75
https://inaturalist-open-data.s3.amazonaws.com/photos/145263281/medium.jpeg,Abelmoschus esculentus,75
https://inaturalist-open-data.s3.amazonaws.com/photos/145800144/medium.jpeg,Abelmoschus esculentus,75
https://static.inaturalist.org/photos/154671447/medium.jpeg,Abelmoschus esculentus,75
https://inaturalist-open-data.s3.amazonaws.com/photos/167191834/medium.jpeg,Abelmoschus esculentus,75
https://static.inaturalist.org/photos/167501553/medium.jpeg,Abelmoschus esculentus,75
https://inaturalist-open-data.s3.amazonaws.com/photos/167514801/medium.jpeg,Abelmoschus esculentus,75
https://inaturalist-open-data.s3.amazonaws.com/photos/172854728/medium.jpeg,Abelmoschus esculentus,75
https://static.inaturalist.org/photos/175580984/medium.jpeg,Abelmoschus esculentus,75
https://static.inaturalist.org/photos/182540571/medium.jpeg,Abelmoschus esculentus,75
https://static.inaturalist.org/photos/182542968/medium.jpeg,Abelmoschus esculentus,75
https://inaturalist-open-data.s3.amazonaws.com/photos/205913199/medium.jpeg,Abelmoschus esculentus,75
https://inaturalist-open-data.s3.amazonaws.com/photos/244913285/medium.jpg,Abelmoschus esculentus,75
https://inaturalist-open-data.s3.amazonaws.com/photos/273867453/medium.jpeg,Abelmoschus esculentus,75
https://static.inaturalist.org/photos/279961343/medium.jpg,Abelmoschus esculentus,75
https://static.inaturalist.org/photos/282362354/medium.jpeg,Abelmoschus esculentus,75
https://inaturalist-open-data.s3.amazonaws.com/photos/283023336/medium.jpg,Abelmoschus esculentus,75
https://inaturalist-open-data.s3.amazonaws.com/photos/283330620/medium.jpg,Abelmoschus esculentus,75
https://static.inaturalist.org/photos/294605113/medium.jpeg,Abelmoschus esculentus,75
https://inaturalist-open-data.s3.amazonaws.com/photos/314957868/medium.jpeg,Abelmoschus esculentus,75
https://inaturalist-open-data.s3.amazonaws.com/photos/319758859/medium.jpeg,Abelmoschus esculentus,75
https://static.inaturalist.org/photos/320353092/medium.jpeg,Abelmoschus esculentus,75
https://inaturalist-open-data.s3.amazonaws.com/photos/43701944/medium.jpeg,Abelmoschus esculentus,75
https://static.inaturalist.org/photos/170182863/medium.jpeg,Abelmoschus esculentus,75
https://inaturalist-open-data.s3.amazonaws.com/photos/832874/medium.JPG,Abelmoschus moschatus,31
https://inaturalist-open-data.s3.amazonaws.com/photos/96173827/medium.jpg,Abelmoschus moschatus,31
https://static.inaturalist.org/photos/96779149/medium.jpeg,Abelmoschus moschatus,31
https://static.inaturalist.org/photos/110119109/medium.jpeg,Abelmoschus moschatus,31
https://static.inaturalist.org/photos/126656604/medium.jpeg,Abelmoschus moschatus,31
https://inaturalist-open-data.s3.amazonaws.com/photos/175347673/medium.jpeg,Abelmoschus moschatus,31
https://inaturalist-open-data.s3.amazonaws.com/photos/212706159/medium.jpeg,Abelmoschus moschatus,31
https://inaturalist-open-data.s3.amazonaws.com/photos/221197585/medium.jpg,Abelmoschus moschatus,31
https://inaturalist-open-data.s3.amazonaws.com/photos/229953244/medium.jpg,Abelmoschus moschatus,31
https://inaturalist-open-data.s3.amazonaws.com/photos/233101568/medium.jpeg,Abelmoschus moschatus,31
https://inaturalist-open-data.s3.amazonaws.com/photos/233101918/medium.jpeg,Abelmoschus moschatus,31
https://static.inaturalist.org/photos/247485572/medium.jpeg,Abelmoschus moschatus,31
https://inaturalist-open-data.s3.amazonaws.com/photos/258408648/medium.jpeg,Abelmoschus moschatus,31
https://inaturalist-open-data.s3.amazonaws.com/photos/49393052/medium.jpeg,Abelmoschus moschatus,31
https://inaturalist-open-data.s3.amazonaws.com/photos/80063783/medium.jpeg,Abelmoschus moschatus,31
https://inaturalist-open-data.s3.amazonaws.com/photos/95351352/medium.jpeg,Abelmoschus moschatus,31
https://static.inaturalist.org/photos/110269784/medium.jpg,Abelmoschus moschatus,31
https://inaturalist-open-data.s3.amazonaws.com/photos/111098892/medium.jpg,Abelmoschus moschatus,31
https://inaturalist-open-data.s3.amazonaws.com/photos/150426974/medium.jpeg,Abelmoschus moschatus,31
https://inaturalist-open-data.s3.amazonaws.com/photos/158839487/medium.jpeg,Abelmoschus moschatus,31
https://static.inaturalist.org/photos/159199988/medium.jpeg,Abelmoschus moschatus,31
https://inaturalist-open-data.s3.amazonaws.com/photos/187445516/medium.jpg,Abelmoschus moschatus,31
https://inaturalist-open-data.s3.amazonaws.com/photos/199941226/medium.jpg,Abelmoschus moschatus,31
https://inaturalist-open-data.s3.amazonaws.com/photos/202661692/medium.jpeg,Abelmoschus moschatus,31
https://static.inaturalist.org/photos/211630543/medium.jpeg,Abelmoschus moschatus,31
https://inaturalist-open-data.s3.amazonaws.com/photos/218623215/medium.jpeg,Abelmoschus moschatus,31
https://static.inaturalist.org/photos/288874284/medium.jpeg,Abelmoschus moschatus,31
https://static.inaturalist.org/photos/303333962/medium.jpeg,Abelmoschus moschatus,31
https://inaturalist-open-data.s3.amazonaws.com/photos/313607821/medium.jpeg,Abelmoschus moschatus,31
https://static.inaturalist.org/photos/315454341/medium.jpeg,Abelmoschus moschatus,31
https://static.inaturalist.org/photos/318457289/medium.jpeg,Abelmoschus moschatus,31
https://inaturalist-open-data.s3.amazonaws.com/photos/702047/medium.jpg,Abroma augustum,37
https://inaturalist-open-data.s3.amazonaws.com/photos/702192/medium.JPG,Abroma augustum,37
https://inaturalist-open-data.s3.amazonaws.com/photos/11950821/medium.jpeg,Abroma augustum,37
https://inaturalist-open-data.s3.amazonaws.com/photos/29504265/medium.jpg,Abroma augustum,37
https://inaturalist-open-data.s3.amazonaws.com/photos/29504281/medium.jpg,Abroma augustum,37
https://inaturalist-open-data.s3.amazonaws.com/photos/41423019/medium.jpeg,Abroma augustum,37
https://static.inaturalist.org/photos/58231941/medium.jpg,Abroma augustum,37
https://inaturalist-open-data.s3.amazonaws.com/photos/60016890/medium.jpeg,Abroma augustum,37
https://inaturalist-open-data.s3.amazonaws.com/photos/61060992/medium.jpeg,Abroma augustum,37
https://inaturalist-open-data.s3.amazonaws.com/photos/62424499/medium.jpg,Abroma augustum,37
https://inaturalist-open-data.s3.amazonaws.com/photos/74075713/medium.jpeg,Abroma augustum,37
https://inaturalist-open-data.s3.amazonaws.com/photos/92064768/medium.jpeg,Abroma augustum,37
https://inaturalist-open-data.s3.amazonaws.com/photos/102049302/medium.jpeg,Abroma augustum,37
https://inaturalist-open-data.s3.amazonaws.com/photos/102049336/medium.jpeg,Abroma augustum,37
https://static.inaturalist.org/photos/134986069/medium.jpg,Abroma augustum,37
https://inaturalist-open-data.s3.amazonaws.com/photos/136453533/medium.jpeg,Abroma augustum,37
https://static.inaturalist.org/photos/161470173/medium.jpeg,Abroma augustum,37
https://inaturalist-open-data.s3.amazonaws.com/photos/163065730/medium.jpeg,Abroma augustum,37
https://inaturalist-open-data.s3.amazonaws.com/photos/180572609/medium.jpeg,Abroma augustum,37
https://inaturalist-open-data.s3.amazonaws.com/photos/198068912/medium.jpg,Abroma augustum,37
https://inaturalist-open-data.s3.amazonaws.com/photos/210480432/medium.jpg,Abroma augustum,37
https://inaturalist-open-data.s3.amazonaws.com/photos/225437663/medium.jpeg,Abroma augustum,37
https://static.inaturalist.org/photos/238256205/medium.jpg,Abroma augustum,37
https://static.inaturalist.org/photos/238415019/medium.jpeg,Abroma augustum,37
https://inaturalist-open-data.s3.amazonaws.com/photos/245646568/medium.jpg,Abroma augustum,37
https://inaturalist-open-data.s3.amazonaws.com/photos/255721578/medium.jpeg,Abroma augustum,37
https://inaturalist-open-data.s3.amazonaws.com/photos/313075881/medium.jpeg,Abroma augustum,37
https://inaturalist-open-data.s3.amazonaws.com/photos/59441034/medium.jpeg,Abroma augustum,37
https://inaturalist-open-data.s3.amazonaws.com/photos/63454361/medium.jpeg,Abroma augustum,37
https://inaturalist-open-data.s3.amazonaws.com/photos/87042780/medium.jpeg,Abroma augustum,37
https://inaturalist-open-data.s3.amazonaws.com/photos/91914902/medium.jpeg,Abroma augustum,37
https://inaturalist-open-data.s3.amazonaws.com/photos/109932094/medium.jpg,Abroma augustum,37
https://static.inaturalist.org/photos/111271858/medium.jpeg,Abroma augustum,37
https://inaturalist-open-data.s3.amazonaws.com/photos/195520692/medium.jpeg,Abroma augustum,37
https://static.inaturalist.org/photos/247735855/medium.jpeg,Abroma augustum,37
https://static.inaturalist.org/photos/307628585/medium.jpeg,Abroma augustum,37
https://inaturalist-open-data.s3.amazonaws.com/photos/313137248/medium.jpeg,Abroma augustum,37
https://inaturalist-open-data.s3.amazonaws.com/photos/700459/medium.JPG,Acacia auriculiformis,153
https://inaturalist-open-data.s3.amazonaws.com/photos/716158/medium.JPG,Acacia auriculiformis,153
https://inaturalist-open-data.s3.amazonaws.com/photos/716159/medium.JPG,Acacia auriculiformis,153
https://static.inaturalist.org/photos/13146539/medium.jpeg,Acacia auriculiformis,153
https://static.inaturalist.org/photos/13146792/medium.jpeg,Acacia auriculiformis,153
https://inaturalist-open-data.s3.amazonaws.com/photos/16381925/medium.jpeg,Acacia auriculiformis,153
https://static.inaturalist.org/photos/16514935/medium.jpg,Acacia auriculiformis,153
https://static.inaturalist.org/photos/16556931/medium.jpg,Acacia auriculiformis,153
https://static.inaturalist.org/photos/16566456/medium.jpg,Acacia auriculiformis,153
https://static.inaturalist.org/photos/16776032/medium.jpg,Acacia auriculiformis,153
https://inaturalist-open-data.s3.amazonaws.com/photos/16978511/medium.jpeg,Acacia auriculiformis,153
https://inaturalist-open-data.s3.amazonaws.com/photos/17168977/medium.jpeg,Acacia auriculiformis,153
https://inaturalist-open-data.s3.amazonaws.com/photos/17171383/medium.jpeg,Acacia auriculiformis,153
https://inaturalist-open-data.s3.amazonaws.com/photos/17173487/medium.jpeg,Acacia auriculiformis,153
https://inaturalist-open-data.s3.amazonaws.com/photos/17299371/medium.jpeg,Acacia auriculiformis,153
https://static.inaturalist.org/photos/17314882/medium.jpg,Acacia auriculiformis,153
https://static.inaturalist.org/photos/19033991/medium.jpeg,Acacia auriculiformis,153
https://inaturalist-open-data.s3.amazonaws.com/photos/21476696/medium.jpg,Acacia auriculiformis,153
https://inaturalist-open-data.s3.amazonaws.com/photos/22604597/medium.jpeg,Acacia auriculiformis,153
https://inaturalist-open-data.s3.amazonaws.com/photos/22712167/medium.jpeg,Acacia auriculiformis,153
https://inaturalist-open-data.s3.amazonaws.com/photos/26727981/medium.jpeg,Acacia auriculiformis,153
https://inaturalist-open-data.s3.amazonaws.com/photos/26727983/medium.jpg,Acacia auriculiformis,153
https://inaturalist-open-data.s3.amazonaws.com/photos/26727984/medium.jpeg,Acacia auriculiformis,153
https://inaturalist-open-data.s3.amazonaws.com/photos/29394074/medium.jpeg,Acacia auriculiformis,153
https://inaturalist-open-data.s3.amazonaws.com/photos/30318622/medium.jpg,Acacia auriculiformis,153
https://static.inaturalist.org/photos/30447108/medium.jpeg,Acacia auriculiformis,153
https://static.inaturalist.org/photos/35828793/medium.jpg,Acacia auriculiformis,153
https://inaturalist-open-data.s3.amazonaws.com/photos/36261973/medium.jpeg,Acacia auriculiformis,153
https://static.inaturalist.org/photos/36520561/medium.jpeg,Acacia auriculiformis,153
https://inaturalist-open-data.s3.amazonaws.com/photos/37567442/medium.jpeg,Acacia auriculiformis,153
https://inaturalist-open-data.s3.amazonaws.com/photos/37567973/medium.jpeg,Acacia auriculiformis,153
https://inaturalist-open-data.s3.amazonaws.com/photos/37651105/medium.jpeg,Acacia auriculiformis,153
https://static.inaturalist.org/photos/37661326/medium.jpeg,Acacia auriculiformis,153
https://inaturalist-open-data.s3.amazonaws.com/photos/38008356/medium.jpg,Acacia auriculiformis,153
https://inaturalist-open-data.s3.amazonaws.com/photos/38008490/medium.jpg,Acacia auriculiformis,153
https://inaturalist-open-data.s3.amazonaws.com/photos/38008534/medium.jpg,Acacia auriculiformis,153
https://inaturalist-open-data.s3.amazonaws.com/photos/38008537/medium.jpg,Acacia auriculiformis,153
https://static.inaturalist.org/photos/44721639/medium.jpeg,Acacia auriculiformis,153
https://static.inaturalist.org/photos/46893083/medium.jpg,Acacia auriculiformis,153
https://inaturalist-open-data.s3.amazonaws.com/photos/47704205/medium.jpeg,Acacia auriculiformis,153
https://inaturalist-open-data.s3.amazonaws.com/photos/54846825/medium.jpg,Acacia auriculiformis,153
https://inaturalist-open-data.s3.amazonaws.com/photos/54846819/medium.jpg,Acacia auriculiformis,153
https://inaturalist-open-data.s3.amazonaws.com/photos/55080534/medium.jpeg,Acacia auriculiformis,153
https://static.inaturalist.org/photos/58056634/medium.jpeg,Acacia auriculiformis,153
https://inaturalist-open-data.s3.amazonaws.com/photos/58310147/medium.jpeg,Acacia auriculiformis,153
https://inaturalist-open-data.s3.amazonaws.com/photos/59893624/medium.jpeg,Acacia auriculiformis,153
https://inaturalist-open-data.s3.amazonaws.com/photos/59963718/medium.jpeg,Acacia auriculiformis,153
https://inaturalist-open-data.s3.amazonaws.com/photos/60075638/medium.jpg,Acacia auriculiformis,153
https://inaturalist-open-data.s3.amazonaws.com/photos/60159436/medium.jpeg,Acacia auriculiformis,153
https://static.inaturalist.org/photos/60840715/medium.jpeg,Acacia auriculiformis,153
https://inaturalist-open-data.s3.amazonaws.com/photos/61568772/medium.jpeg,Acacia auriculiformis,153
https://inaturalist-open-data.s3.amazonaws.com/photos/62338097/medium.jpeg,Acacia auriculiformis,153
https://static.inaturalist.org/photos/66328903/medium.jpeg,Acacia auriculiformis,153
https://inaturalist-open-data.s3.amazonaws.com/photos/82448169/medium.jpg,Acacia auriculiformis,153
https://inaturalist-open-data.s3.amazonaws.com/photos/93692842/medium.jpg,Acacia auriculiformis,153
https://static.inaturalist.org/photos/93693627/medium.jpeg,Acacia auriculiformis,153
https://static.inaturalist.org/photos/96866417/medium.jpg,Acacia auriculiformis,153
https://static.inaturalist.org/photos/98028931/medium.jpeg,Acacia auriculiformis,153
https://inaturalist-open-data.s3.amazonaws.com/photos/101691300/medium.jpg,Acacia auriculiformis,153
https://inaturalist-open-data.s3.amazonaws.com/photos/102375011/medium.jpg,Acacia auriculiformis,153
https://static.inaturalist.org/photos/104111944/medium.jpg,Acacia auriculiformis,153
https://inaturalist-open-data.s3.amazonaws.com/photos/106541690/medium.jpg,Acacia auriculiformis,153
https://static.inaturalist.org/photos/107326192/medium.jpeg,Acacia auriculiformis,153
https://static.inaturalist.org/photos/108047828/medium.jpeg,Acacia auriculiformis,153
https://inaturalist-open-data.s3.amazonaws.com/photos/116957054/medium.jpeg,Acacia auriculiformis,153
https://inaturalist-open-data.s3.amazonaws.com/photos/120584221/medium.jpg,Acacia auriculiformis,153
https://static.inaturalist.org/photos/123436171/medium.jpeg,Acacia auriculiformis,153
https://static.inaturalist.org/photos/124453759/medium.jpg,Acacia auriculiformis,153
https://static.inaturalist.org/photos/125036389/medium.jpg,Acacia auriculiformis,153
https://inaturalist-open-data.s3.amazonaws.com/photos/126284271/medium.jpeg,Acacia auriculiformis,153
https://inaturalist-open-data.s3.amazonaws.com/photos/126285991/medium.jpeg,Acacia auriculiformis,153
https://inaturalist-open-data.s3.amazonaws.com/photos/126296502/medium.jpeg,Acacia auriculiformis,153
https://inaturalist-open-data.s3.amazonaws.com/photos/126905809/medium.jpg,Acacia auriculiformis,153
https://inaturalist-open-data.s3.amazonaws.com/photos/127157032/medium.jpg,Acacia auriculiformis,153
https://inaturalist-open-data.s3.amazonaws.com/photos/132110007/medium.jpg,Acacia auriculiformis,153
https://inaturalist-open-data.s3.amazonaws.com/photos/138910163/medium.jpeg,Acacia auriculiformis,153
https://static.inaturalist.org/photos/142800374/medium.jpeg,Acacia auriculiformis,153
https://inaturalist-open-data.s3.amazonaws.com/photos/144795675/medium.jpeg,Acacia auriculiformis,153
https://static.inaturalist.org/photos/147324915/medium.jpeg,Acacia auriculiformis,153
https://inaturalist-open-data.s3.amazonaws.com/photos/149328791/medium.jpeg,Acacia auriculiformis,153
https://inaturalist-open-data.s3.amazonaws.com/photos/150453233/medium.jpeg,Acacia auriculiformis,153
https://static.inaturalist.org/photos/150851898/medium.jpg,Acacia auriculiformis,153
https://inaturalist-open-data.s3.amazonaws.com/photos/151765246/medium.jpeg,Acacia auriculiformis,153
https://static.inaturalist.org/photos/165904177/medium.jpeg,Acacia auriculiformis,153
https://inaturalist-open-data.s3.amazonaws.com/photos/170430605/medium.jpeg,Acacia auriculiformis,153
https://inaturalist-open-data.s3.amazonaws.com/photos/173244648/medium.jpeg,Acacia auriculiformis,153
https://static.inaturalist.org/photos/180029846/medium.jpg,Acacia auriculiformis,153
https://static.inaturalist.org/photos/180656037/medium.jpg,Acacia auriculiformis,153
https://static.inaturalist.org/photos/182053216/medium.jpeg,Acacia auriculiformis,153
https://inaturalist-open-data.s3.amazonaws.com/photos/189156768/medium.jpg,Acacia auriculiformis,153
https://inaturalist-open-data.s3.amazonaws.com/photos/198853670/medium.jpeg,Acacia auriculiformis,153
https://inaturalist-open-data.s3.amazonaws.com/photos/205966895/medium.jpg,Acacia auriculiformis,153
https://static.inaturalist.org/photos/207012490/medium.jpeg,Acacia auriculiformis,153
https://inaturalist-open-data.s3.amazonaws.com/photos/215126714/medium.jpeg,Acacia auriculiformis,153
https://inaturalist-open-data.s3.amazonaws.com/photos/228554524/medium.jpg,Acacia auriculiformis,153
https://inaturalist-open-data.s3.amazonaws.com/photos/233300375/medium.jpeg,Acacia auriculiformis,153
https://inaturalist-open-data.s3.amazonaws.com/photos/234118799/medium.jpeg,Acacia auriculiformis,153
https://static.inaturalist.org/photos/236217973/medium.jpeg,Acacia auriculiformis,153
https://inaturalist-open-data.s3.amazonaws.com/photos/247465711/medium.jpg,Acacia auriculiformis,153
https://inaturalist-open-data.s3.amazonaws.com/photos/248900060/medium.jpg,Acacia auriculiformis,153
https://inaturalist-open-data.s3.amazonaws.com/photos/249930321/medium.jpeg,Acacia auriculiformis,153
https://static.inaturalist.org/photos/250415476/medium.jpg,Acacia auriculiformis,153
https://inaturalist-open-data.s3.amazonaws.com/photos/267259472/medium.jpeg,Acacia auriculiformis,153
https://inaturalist-open-data.s3.amazonaws.com/photos/267259993/medium.jpeg,Acacia auriculiformis,153
https://inaturalist-open-data.s3.amazonaws.com/photos/272279466/medium.jpeg,Acacia auriculiformis,153
https://inaturalist-open-data.s3.amazonaws.com/photos/272272577/medium.jpg,Acacia auriculiformis,153
https://inaturalist-open-data.s3.amazonaws.com/photos/272280244/medium.jpeg,Acacia auriculiformis,153
https://inaturalist-open-data.s3.amazonaws.com/photos/279931866/medium.jpeg,Acacia auriculiformis,153
https://inaturalist-open-data.s3.amazonaws.com/photos/281512612/medium.jpeg,Acacia auriculiformis,153
https://inaturalist-open-data.s3.amazonaws.com/photos/281513033/medium.jpeg,Acacia auriculiformis,153
https://inaturalist-open-data.s3.amazonaws.com/photos/283556685/medium.jpeg,Acacia auriculiformis,153
https://inaturalist-open-data.s3.amazonaws.com/photos/285058152/medium.jpeg,Acacia auriculiformis,153
https://inaturalist-open-data.s3.amazonaws.com/photos/295260009/medium.jpg,Acacia auriculiformis,153
https://inaturalist-open-data.s3.amazonaws.com/photos/302664788/medium.jpeg,Acacia auriculiformis,153
https://inaturalist-open-data.s3.amazonaws.com/photos/302665089/medium.jpeg,Acacia auriculiformis,153
https://inaturalist-open-data.s3.amazonaws.com/photos/302674015/medium.jpeg,Acacia auriculiformis,153
https://inaturalist-open-data.s3.amazonaws.com/photos/302678406/medium.jpeg,Acacia auriculiformis,153
https://inaturalist-open-data.s3.amazonaws.com/photos/313718953/medium.jpeg,Acacia auriculiformis,153
https://inaturalist-open-data.s3.amazonaws.com/photos/313730545/medium.jpeg,Acacia auriculiformis,153
https://inaturalist-open-data.s3.amazonaws.com/photos/315923948/medium.jpeg,Acacia auriculiformis,153
https://inaturalist-open-data.s3.amazonaws.com/photos/317761663/medium.jpeg,Acacia auriculiformis,153
https://static.inaturalist.org/photos/318053971/medium.jpeg,Acacia auriculiformis,153
https://static.inaturalist.org/photos/320338417/medium.jpg,Acacia auriculiformis,153
https://static.inaturalist.org/photos/320339744/medium.jpg,Acacia auriculiformis,153
https://static.inaturalist.org/photos/322936230/medium.jpeg,Acacia auriculiformis,153
https://inaturalist-open-data.s3.amazonaws.com/photos/324296271/medium.jpeg,Acacia auriculiformis,153
https://inaturalist-open-data.s3.amazonaws.com/photos/324971903/medium.jpeg,Acacia auriculiformis,153
https://static.inaturalist.org/photos/325773125/medium.jpeg,Acacia auriculiformis,153
https://inaturalist-open-data.s3.amazonaws.com/photos/326258193/medium.jpg,Acacia auriculiformis,153
https://inaturalist-open-data.s3.amazonaws.com/photos/328358031/medium.jpg,Acacia auriculiformis,153
https://inaturalist-open-data.s3.amazonaws.com/photos/328701618/medium.jpeg,Acacia auriculiformis,153
https://static.inaturalist.org/photos/339501289/medium.jpeg,Acacia auriculiformis,153
https://inaturalist-open-data.s3.amazonaws.com/photos/8069976/medium.jpg,Acacia auriculiformis,153
https://inaturalist-open-data.s3.amazonaws.com/photos/30481431/medium.jpeg,Acacia auriculiformis,153
https://inaturalist-open-data.s3.amazonaws.com/photos/40330423/medium.jpeg,Acacia auriculiformis,153
https://inaturalist-open-data.s3.amazonaws.com/photos/47315023/medium.jpeg,Acacia auriculiformis,153
https://inaturalist-open-data.s3.amazonaws.com/photos/57220007/medium.jpeg,Acacia auriculiformis,153
https://inaturalist-open-data.s3.amazonaws.com/photos/58316315/medium.jpg,Acacia auriculiformis,153
https://inaturalist-open-data.s3.amazonaws.com/photos/79944955/medium.jpeg,Acacia auriculiformis,153
https://inaturalist-open-data.s3.amazonaws.com/photos/81323047/medium.jpg,Acacia auriculiformis,153
https://inaturalist-open-data.s3.amazonaws.com/photos/101295102/medium.jpeg,Acacia auriculiformis,153
https://static.inaturalist.org/photos/110276544/medium.jpeg,Acacia auriculiformis,153
https://inaturalist-open-data.s3.amazonaws.com/photos/141397619/medium.jpeg,Acacia auriculiformis,153
https://inaturalist-open-data.s3.amazonaws.com/photos/186227878/medium.jpg,Acacia auriculiformis,153
https://inaturalist-open-data.s3.amazonaws.com/photos/186991145/medium.jpg,Acacia auriculiformis,153
https://inaturalist-open-data.s3.amazonaws.com/photos/186991182/medium.jpg,Acacia auriculiformis,153
https://static.inaturalist.org/photos/206741459/medium.jpeg,Acacia auriculiformis,153
https://inaturalist-open-data.s3.amazonaws.com/photos/221138579/medium.jpeg,Acacia auriculiformis,153
https://inaturalist-open-data.s3.amazonaws.com/photos/249888722/medium.jpeg,Acacia auriculiformis,153
https://inaturalist-open-data.s3.amazonaws.com/photos/254650767/medium.jpg,Acacia auriculiformis,153
https://static.inaturalist.org/photos/261691346/medium.jpeg,Acacia auriculiformis,153
https://static.inaturalist.org/photos/316387784/medium.jpeg,Acacia auriculiformis,153
https://inaturalist-open-data.s3.amazonaws.com/photos/319775751/medium.jpg,Acacia auriculiformis,153
https://static.inaturalist.org/photos/12609752/medium.jpg,Acacia mangium,111
https://static.inaturalist.org/photos/12609759/medium.jpg,Acacia mangium,111
https://inaturalist-open-data.s3.amazonaws.com/photos/15394561/medium.jpeg,Acacia mangium,111
https://inaturalist-open-data.s3.amazonaws.com/photos/24568714/medium.jpeg,Acacia mangium,111
https://inaturalist-open-data.s3.amazonaws.com/photos/26727990/medium.jpeg,Acacia mangium,111
https://inaturalist-open-data.s3.amazonaws.com/photos/27397668/medium.jpeg,Acacia mangium,111
https://inaturalist-open-data.s3.amazonaws.com/photos/28165761/medium.jpg,Acacia mangium,111
https://inaturalist-open-data.s3.amazonaws.com/photos/31436077/medium.jpeg,Acacia mangium,111
https://inaturalist-open-data.s3.amazonaws.com/photos/32423512/medium.jpg,Acacia mangium,111
https://inaturalist-open-data.s3.amazonaws.com/photos/32423518/medium.jpg,Acacia mangium,111
https://inaturalist-open-data.s3.amazonaws.com/photos/35028555/medium.jpg,Acacia mangium,111
https://inaturalist-open-data.s3.amazonaws.com/photos/37038544/medium.jpeg,Acacia mangium,111
https://inaturalist-open-data.s3.amazonaws.com/photos/37650874/medium.jpeg,Acacia mangium,111
https://static.inaturalist.org/photos/37670940/medium.jpeg,Acacia mangium,111
https://inaturalist-open-data.s3.amazonaws.com/photos/38004965/medium.jpg,Acacia mangium,111
https://inaturalist-open-data.s3.amazonaws.com/photos/38008487/medium.jpg,Acacia mangium,111
https://static.inaturalist.org/photos/42675518/medium.jpeg,Acacia mangium,111
https://static.inaturalist.org/photos/43791696/medium.jpeg,Acacia mangium,111
https://inaturalist-open-data.s3.amazonaws.com/photos/48227348/medium.jpeg,Acacia mangium,111
https://inaturalist-open-data.s3.amazonaws.com/photos/48824881/medium.jpeg,Acacia mangium,111
https://inaturalist-open-data.s3.amazonaws.com/photos/51184165/medium.jpeg,Acacia mangium,111
https://inaturalist-open-data.s3.amazonaws.com/photos/51794220/medium.jpeg,Acacia mangium,111
https://inaturalist-open-data.s3.amazonaws.com/photos/52202453/medium.jpeg,Acacia mangium,111
https://static.inaturalist.org/photos/53365959/medium.jpeg,Acacia mangium,111
https://inaturalist-open-data.s3.amazonaws.com/photos/54142472/medium.jpg,Acacia mangium,111
https://inaturalist-open-data.s3.amazonaws.com/photos/54631111/medium.jpg,Acacia mangium,111
https://static.inaturalist.org/photos/55605101/medium.jpg,Acacia mangium,111
https://inaturalist-open-data.s3.amazonaws.com/photos/56255261/medium.jpeg,Acacia mangium,111
https://inaturalist-open-data.s3.amazonaws.com/photos/56391536/medium.jpg,Acacia mangium,111
https://static.inaturalist.org/photos/56846107/medium.jpg,Acacia mangium,111
https://static.inaturalist.org/photos/58212585/medium.jpeg,Acacia mangium,111
https://inaturalist-open-data.s3.amazonaws.com/photos/62337681/medium.jpeg,Acacia mangium,111
https://static.inaturalist.org/photos/68339940/medium.jpg,Acacia mangium,111
https://inaturalist-open-data.s3.amazonaws.com/photos/70868530/medium.jpg,Acacia mangium,111
https://inaturalist-open-data.s3.amazonaws.com/photos/77749156/medium.jpg,Acacia mangium,111
https://inaturalist-open-data.s3.amazonaws.com/photos/93578702/medium.jpg,Acacia mangium,111
https://static.inaturalist.org/photos/98037753/medium.jpeg,Acacia mangium,111
https://inaturalist-open-data.s3.amazonaws.com/photos/103112553/medium.jpeg,Acacia mangium,111
https://inaturalist-open-data.s3.amazonaws.com/photos/103330397/medium.jpeg,Acacia mangium,111
https://inaturalist-open-data.s3.amazonaws.com/photos/103719306/medium.jpeg,Acacia mangium,111
https://static.inaturalist.org/photos/104102602/medium.jpeg,Acacia mangium,111
https://static.inaturalist.org/photos/106114542/medium.jpeg,Acacia mangium,111
https://static.inaturalist.org/photos/107326205/medium.jpeg,Acacia mangium,111
https://static.inaturalist.org/photos/107632931/medium.jpg,Acacia mangium,111
https://static.inaturalist.org/photos/107633877/medium.jpg,Acacia mangium,111
https://inaturalist-open-data.s3.amazonaws.com/photos/118101676/medium.jpg,Acacia mangium,111
https://static.inaturalist.org/photos/123187148/medium.jpg,Acacia mangium,111
https://inaturalist-open-data.s3.amazonaws.com/photos/123971689/medium.jpg,Acacia mangium,111
https://inaturalist-open-data.s3.amazonaws.com/photos/124419244/medium.jpg,Acacia mangium,111
https://inaturalist-open-data.s3.amazonaws.com/photos/126879001/medium.jpeg,Acacia mangium,111
https://static.inaturalist.org/photos/132815557/medium.jpg,Acacia mangium,111
https://inaturalist-open-data.s3.amazonaws.com/photos/159733519/medium.jpeg,Acacia mangium,111
https://inaturalist-open-data.s3.amazonaws.com/photos/163067673/medium.jpg,Acacia mangium,111
https://inaturalist-open-data.s3.amazonaws.com/photos/167626977/medium.jpg,Acacia mangium,111
https://inaturalist-open-data.s3.amazonaws.com/photos/168790266/medium.jpeg,Acacia mangium,111
https://static.inaturalist.org/photos/172713392/medium.jpeg,Acacia mangium,111
https://static.inaturalist.org/photos/177749141/medium.jpeg,Acacia mangium,111
https://inaturalist-open-data.s3.amazonaws.com/photos/184155669/medium.jpeg,Acacia mangium,111
https://inaturalist-open-data.s3.amazonaws.com/photos/192023425/medium.jpg,Acacia mangium,111
https://inaturalist-open-data.s3.amazonaws.com/photos/192161881/medium.jpeg,Acacia mangium,111
https://inaturalist-open-data.s3.amazonaws.com/photos/207661302/medium.jpeg,Acacia mangium,111
https://inaturalist-open-data.s3.amazonaws.com/photos/209514682/medium.jpeg,Acacia mangium,111
https://inaturalist-open-data.s3.amazonaws.com/photos/215104738/medium.jpeg,Acacia mangium,111
https://inaturalist-open-data.s3.amazonaws.com/photos/225765124/medium.jpg,Acacia mangium,111
https://inaturalist-open-data.s3.amazonaws.com/photos/233294493/medium.jpeg,Acacia mangium,111
https://inaturalist-open-data.s3.amazonaws.com/photos/234149977/medium.jpeg,Acacia mangium,111
https://inaturalist-open-data.s3.amazonaws.com/photos/249309591/medium.jpg,Acacia mangium,111
https://static.inaturalist.org/photos/251108987/medium.jpg,Acacia mangium,111
https://static.inaturalist.org/photos/251768770/medium.jpg,Acacia mangium,111
https://inaturalist-open-data.s3.amazonaws.com/photos/254301552/medium.jpg,Acacia mangium,111
https://static.inaturalist.org/photos/262337084/medium.jpeg,Acacia mangium,111
https://inaturalist-open-data.s3.amazonaws.com/photos/262341428/medium.jpeg,Acacia mangium,111
https://inaturalist-open-data.s3.amazonaws.com/photos/267223642/medium.jpeg,Acacia mangium,111
https://inaturalist-open-data.s3.amazonaws.com/photos/267243866/medium.jpeg,Acacia mangium,111
https://inaturalist-open-data.s3.amazonaws.com/photos/267259762/medium.jpeg,Acacia mangium,111
https://static.inaturalist.org/photos/269732692/medium.jpeg,Acacia mangium,111
https://inaturalist-open-data.s3.amazonaws.com/photos/272278255/medium.jpeg,Acacia mangium,111
https://inaturalist-open-data.s3.amazonaws.com/photos/276524020/medium.jpg,Acacia mangium,111
https://inaturalist-open-data.s3.amazonaws.com/photos/277422149/medium.jpeg,Acacia mangium,111
https://inaturalist-open-data.s3.amazonaws.com/photos/277422182/medium.jpeg,Acacia mangium,111
https://inaturalist-open-data.s3.amazonaws.com/photos/285101881/medium.jpeg,Acacia mangium,111
https://static.inaturalist.org/photos/292999773/medium.jpeg,Acacia mangium,111
https://static.inaturalist.org/photos/301098147/medium.jpg,Acacia mangium,111
https://inaturalist-open-data.s3.amazonaws.com/photos/302676873/medium.jpeg,Acacia mangium,111
https://inaturalist-open-data.s3.amazonaws.com/photos/302679793/medium.jpeg,Acacia mangium,111
https://inaturalist-open-data.s3.amazonaws.com/photos/306973803/medium.jpeg,Acacia mangium,111
https://inaturalist-open-data.s3.amazonaws.com/photos/310930965/medium.jpeg,Acacia mangium,111
https://inaturalist-open-data.s3.amazonaws.com/photos/315916724/medium.jpeg,Acacia mangium,111
https://inaturalist-open-data.s3.amazonaws.com/photos/319045272/medium.jpeg,Acacia mangium,111
https://inaturalist-open-data.s3.amazonaws.com/photos/322487275/medium.jpeg,Acacia mangium,111
https://inaturalist-open-data.s3.amazonaws.com/photos/334070917/medium.jpeg,Acacia mangium,111
https://inaturalist-open-data.s3.amazonaws.com/photos/337779688/medium.jpeg,Acacia mangium,111
https://static.inaturalist.org/photos/339718214/medium.jpeg,Acacia mangium,111
https://inaturalist-open-data.s3.amazonaws.com/photos/340272869/medium.jpeg,Acacia mangium,111
https://inaturalist-open-data.s3.amazonaws.com/photos/12715953/medium.jpeg,Acacia mangium,111
https://inaturalist-open-data.s3.amazonaws.com/photos/45948229/medium.jpg,Acacia mangium,111
https://inaturalist-open-data.s3.amazonaws.com/photos/46871771/medium.jpg,Acacia mangium,111
https://static.inaturalist.org/photos/50938032/medium.jpeg,Acacia mangium,111
https://inaturalist-open-data.s3.amazonaws.com/photos/54119698/medium.jpeg,Acacia mangium,111
https://static.inaturalist.org/photos/62417431/medium.jpeg,Acacia mangium,111
https://static.inaturalist.org/photos/83554338/medium.jpeg,Acacia mangium,111
https://inaturalist-open-data.s3.amazonaws.com/photos/112407090/medium.jpeg,Acacia mangium,111
https://inaturalist-open-data.s3.amazonaws.com/photos/162919682/medium.jpeg,Acacia mangium,111
https://inaturalist-open-data.s3.amazonaws.com/photos/172651673/medium.jpg,Acacia mangium,111
https://inaturalist-open-data.s3.amazonaws.com/photos/172652096/medium.jpg,Acacia mangium,111
https://inaturalist-open-data.s3.amazonaws.com/photos/184337921/medium.jpg,Acacia mangium,111
https://inaturalist-open-data.s3.amazonaws.com/photos/208912450/medium.jpg,Acacia mangium,111
https://static.inaturalist.org/photos/209592851/medium.jpeg,Acacia mangium,111
https://static.inaturalist.org/photos/213791848/medium.jpeg,Acacia mangium,111
https://inaturalist-open-data.s3.amazonaws.com/photos/215984053/medium.jpg,Acacia mangium,111
https://inaturalist-open-data.s3.amazonaws.com/photos/255595517/medium.jpeg,Acacia mangium,111
https://inaturalist-open-data.s3.amazonaws.com/photos/710119/medium.jpg,Acalypha hispida,151
https://inaturalist-open-data.s3.amazonaws.com/photos/716108/medium.JPG,Acalypha hispida,151
https://inaturalist-open-data.s3.amazonaws.com/photos/11321580/medium.jpg,Acalypha hispida,151
https://static.inaturalist.org/photos/13849296/medium.jpg,Acalypha hispida,151
https://inaturalist-open-data.s3.amazonaws.com/photos/14147464/medium.jpeg,Acalypha hispida,151
https://inaturalist-open-data.s3.amazonaws.com/photos/21481286/medium.jpeg,Acalypha hispida,151
https://inaturalist-open-data.s3.amazonaws.com/photos/24563571/medium.jpeg,Acalypha hispida,151
https://inaturalist-open-data.s3.amazonaws.com/photos/27767880/medium.jpg,Acalypha hispida,151
https://inaturalist-open-data.s3.amazonaws.com/photos/31295442/medium.jpg,Acalypha hispida,151
https://static.inaturalist.org/photos/31751626/medium.jpeg,Acalypha hispida,151
https://static.inaturalist.org/photos/31751789/medium.jpeg,Acalypha hispida,151
https://static.inaturalist.org/photos/31756633/medium.jpeg,Acalypha hispida,151
https://static.inaturalist.org/photos/31756640/medium.jpeg,Acalypha hispida,151
https://inaturalist-open-data.s3.amazonaws.com/photos/31758442/medium.jpg,Acalypha hispida,151
https://static.inaturalist.org/photos/31760593/medium.jpeg,Acalypha hispida,151
https://inaturalist-open-data.s3.amazonaws.com/photos/31763451/medium.jpeg,Acalypha hispida,151
https://static.inaturalist.org/photos/31764436/medium.jpeg,Acalypha hispida,151
https://inaturalist-open-data.s3.amazonaws.com/photos/31842543/medium.jpeg,Acalypha hispida,151
https://inaturalist-open-data.s3.amazonaws.com/photos/31772328/medium.jpg,Acalypha hispida,151
https://static.inaturalist.org/photos/31775062/medium.jpeg,Acalypha hispida,151
https://static.inaturalist.org/photos/31777148/medium.jpeg,Acalypha hispida,151
https://static.inaturalist.org/photos/31780352/medium.jpg,Acalypha hispida,151
https://inaturalist-open-data.s3.amazonaws.com/photos/31780778/medium.jpg,Acalypha hispida,151
https://inaturalist-open-data.s3.amazonaws.com/photos/31782433/medium.jpeg,Acalypha hispida,151
https://inaturalist-open-data.s3.amazonaws.com/photos/31786605/medium.jpeg,Acalypha hispida,151
https://static.inaturalist.org/photos/31786753/medium.jpg,Acalypha hispida,151
https://static.inaturalist.org/photos/31788168/medium.jpeg,Acalypha hispida,151
https://static.inaturalist.org/photos/31788170/medium.jpeg,Acalypha hispida,151
https://static.inaturalist.org/photos/31789172/medium.jpeg,Acalypha hispida,151
https://static.inaturalist.org/photos/31795445/medium.jpg,Acalypha hispida,151
https://static.inaturalist.org/photos/31796792/medium.jpeg,Acalypha hispida,151
https://static.inaturalist.org/photos/31800313/medium.jpeg,Acalypha hispida,151
https://inaturalist-open-data.s3.amazonaws.com/photos/31801340/medium.jpeg,Acalypha hispida,151
https://static.inaturalist.org/photos/31807553/medium.jpeg,Acalypha hispida,151
https://static.inaturalist.org/photos/31807765/medium.jpeg,Acalypha hispida,151
https://inaturalist-open-data.s3.amazonaws.com/photos/31815614/medium.jpeg,Acalypha hispida,151
https://static.inaturalist.org/photos/31812931/medium.jpg,Acalypha hispida,151
https://static.inaturalist.org/photos/31816751/medium.jpeg,Acalypha hispida,151
https://static.inaturalist.org/photos/31820151/medium.jpg,Acalypha hispida,151
https://inaturalist-open-data.s3.amazonaws.com/photos/31826434/medium.jpeg,Acalypha hispida,151
https://inaturalist-open-data.s3.amazonaws.com/photos/31827290/medium.jpg,Acalypha hispida,151
https://static.inaturalist.org/photos/31828282/medium.jpg,Acalypha hispida,151
https://inaturalist-open-data.s3.amazonaws.com/photos/31830123/medium.jpg,Acalypha hispida,151
https://static.inaturalist.org/photos/31831341/medium.jpeg,Acalypha hispida,151
https://static.inaturalist.org/photos/31831630/medium.jpeg,Acalypha hispida,151
https://static.inaturalist.org/photos/31831527/medium.jpeg,Acalypha hispida,151
https://inaturalist-open-data.s3.amazonaws.com/photos/31833132/medium.jpg,Acalypha hispida,151
https://static.inaturalist.org/photos/31842561/medium.jpeg,Acalypha hispida,151
https://inaturalist-open-data.s3.amazonaws.com/photos/31843079/medium.jpg,Acalypha hispida,151
https://static.inaturalist.org/photos/31850534/medium.jpeg,Acalypha hispida,151
https://static.inaturalist.org/photos/31868058/medium.jpeg,Acalypha hispida,151
https://static.inaturalist.org/photos/31874186/medium.jpeg,Acalypha hispida,151
https://static.inaturalist.org/photos/31874983/medium.jpg,Acalypha hispida,151
https://static.inaturalist.org/photos/31885827/medium.jpeg,Acalypha hispida,151
https://inaturalist-open-data.s3.amazonaws.com/photos/31932602/medium.jpg,Acalypha hispida,151
https://static.inaturalist.org/photos/31935160/medium.jpeg,Acalypha hispida,151
https://static.inaturalist.org/photos/31985232/medium.jpeg,Acalypha hispida,151
https://inaturalist-open-data.s3.amazonaws.com/photos/36131077/medium.jpeg,Acalypha hispida,151
https://static.inaturalist.org/photos/36168047/medium.jpeg,Acalypha hispida,151
https://static.inaturalist.org/photos/36429758/medium.jpeg,Acalypha hispida,151
https://static.inaturalist.org/photos/36601553/medium.jpeg,Acalypha hispida,151
https://inaturalist-open-data.s3.amazonaws.com/photos/36609475/medium.jpeg,Acalypha hispida,151
https://inaturalist-open-data.s3.amazonaws.com/photos/36832793/medium.jpg,Acalypha hispida,151
https://static.inaturalist.org/photos/36980645/medium.jpeg,Acalypha hispida,151
https://static.inaturalist.org/photos/36996936/medium.jpg,Acalypha hispida,151
https://static.inaturalist.org/photos/36998194/medium.jpg,Acalypha hispida,151
https://inaturalist-open-data.s3.amazonaws.com/photos/37349306/medium.jpg,Acalypha hispida,151
https://inaturalist-open-data.s3.amazonaws.com/photos/48646678/medium.jpg,Acalypha hispida,151
https://static.inaturalist.org/photos/52852170/medium.jpeg,Acalypha hispida,151
https://inaturalist-open-data.s3.amazonaws.com/photos/60290792/medium.jpg,Acalypha hispida,151
https://static.inaturalist.org/photos/64672773/medium.jpeg,Acalypha hispida,151
https://static.inaturalist.org/photos/69566322/medium.jpg,Acalypha hispida,151
https://static.inaturalist.org/photos/76005832/medium.jpeg,Acalypha hispida,151
https://static.inaturalist.org/photos/93685695/medium.jpeg,Acalypha hispida,151
https://inaturalist-open-data.s3.amazonaws.com/photos/93925101/medium.jpeg,Acalypha hispida,151
https://inaturalist-open-data.s3.amazonaws.com/photos/95972562/medium.jpeg,Acalypha hispida,151
https://inaturalist-open-data.s3.amazonaws.com/photos/103563715/medium.jpeg,Acalypha hispida,151
https://static.inaturalist.org/photos/104279976/medium.jpg,Acalypha hispida,151
https://static.inaturalist.org/photos/111581955/medium.jpeg,Acalypha hispida,151
https://static.inaturalist.org/photos/113248865/medium.jpeg,Acalypha hispida,151
https://static.inaturalist.org/photos/116480566/medium.jpeg,Acalypha hispida,151
https://static.inaturalist.org/photos/116510410/medium.jpeg,Acalypha hispida,151
https://static.inaturalist.org/photos/116752055/medium.jpg,Acalypha hispida,151
https://static.inaturalist.org/photos/118220311/medium.jpeg,Acalypha hispida,151
https://inaturalist-open-data.s3.amazonaws.com/photos/118547438/medium.jpeg,Acalypha hispida,151
https://inaturalist-open-data.s3.amazonaws.com/photos/120573079/medium.jpeg,Acalypha hispida,151
https://inaturalist-open-data.s3.amazonaws.com/photos/120573506/medium.jpeg,Acalypha hispida,151
https://inaturalist-open-data.s3.amazonaws.com/photos/124651997/medium.jpg,Acalypha hispida,151
https://static.inaturalist.org/photos/127930402/medium.jpeg,Acalypha hispida,151
https://inaturalist-open-data.s3.amazonaws.com/photos/138935467/medium.jpeg,Acalypha hispida,151
https://inaturalist-open-data.s3.amazonaws.com/photos/147167938/medium.jpeg,Acalypha hispida,151
https://static.inaturalist.org/photos/155123864/medium.jpeg,Acalypha hispida,151
https://static.inaturalist.org/photos/165893729/medium.jpeg,Acalypha hispida,151
https://static.inaturalist.org/photos/167859314/medium.jpg,Acalypha hispida,151
https://inaturalist-open-data.s3.amazonaws.com/photos/170438665/medium.jpeg,Acalypha hispida,151
https://static.inaturalist.org/photos/172109469/medium.jpeg,Acalypha hispida,151
https://inaturalist-open-data.s3.amazonaws.com/photos/177801427/medium.jpeg,Acalypha hispida,151
https://inaturalist-open-data.s3.amazonaws.com/photos/179246819/medium.jpg,Acalypha hispida,151
https://inaturalist-open-data.s3.amazonaws.com/photos/179701237/medium.jpg,Acalypha hispida,151
https://inaturalist-open-data.s3.amazonaws.com/photos/182265836/medium.jpeg,Acalypha hispida,151
https://static.inaturalist.org/photos/183723893/medium.jpg,Acalypha hispida,151
https://inaturalist-open-data.s3.amazonaws.com/photos/193516676/medium.jpg,Acalypha hispida,151
https://inaturalist-open-data.s3.amazonaws.com/photos/218126816/medium.jpeg,Acalypha hispida,151
https://inaturalist-open-data.s3.amazonaws.com/photos/227088717/medium.jpeg,Acalypha hispida,151
https://static.inaturalist.org/photos/228615838/medium.jpeg,Acalypha hispida,151
https://inaturalist-open-data.s3.amazonaws.com/photos/230823723/medium.jpg,Acalypha hispida,151
https://static.inaturalist.org/photos/232312453/medium.jpeg,Acalypha hispida,151
https://inaturalist-open-data.s3.amazonaws.com/photos/242611654/medium.jpeg,Acalypha hispida,151
https://inaturalist-open-data.s3.amazonaws.com/photos/243925479/medium.jpg,Acalypha hispida,151
https://inaturalist-open-data.s3.amazonaws.com/photos/246243427/medium.jpg,Acalypha hispida,151
https://static.inaturalist.org/photos/247634741/medium.jpg,Acalypha hispida,151
https://static.inaturalist.org/photos/248284590/medium.jpg,Acalypha hispida,151
https://inaturalist-open-data.s3.amazonaws.com/photos/249170724/medium.jpeg,Acalypha hispida,151
https://static.inaturalist.org/photos/249330634/medium.jpeg,Acalypha hispida,151
https://inaturalist-open-data.s3.amazonaws.com/photos/251876007/medium.jpg,Acalypha hispida,151
https://static.inaturalist.org/photos/256218464/medium.jpg,Acalypha hispida,151
https://static.inaturalist.org/photos/261403019/medium.jpg,Acalypha hispida,151
https://static.inaturalist.org/photos/264277621/medium.jpg,Acalypha hispida,151
https://static.inaturalist.org/photos/271253871/medium.jpeg,Acalypha hispida,151
https://static.inaturalist.org/photos/271547298/medium.jpeg,Acalypha hispida,151
https://static.inaturalist.org/photos/271652826/medium.jpeg,Acalypha hispida,151
https://inaturalist-open-data.s3.amazonaws.com/photos/277689506/medium.jpg,Acalypha hispida,151
https://inaturalist-open-data.s3.amazonaws.com/photos/278323382/medium.jpg,Acalypha hispida,151
https://inaturalist-open-data.s3.amazonaws.com/photos/278578301/medium.jpeg,Acalypha hispida,151
https://static.inaturalist.org/photos/279220953/medium.jpeg,Acalypha hispida,151
https://inaturalist-open-data.s3.amazonaws.com/photos/279229719/medium.jpeg,Acalypha hispida,151
https://static.inaturalist.org/photos/279970525/medium.jpeg,Acalypha hispida,151
https://inaturalist-open-data.s3.amazonaws.com/photos/284744359/medium.jpeg,Acalypha hispida,151
https://inaturalist-open-data.s3.amazonaws.com/photos/284744818/medium.jpeg,Acalypha hispida,151
https://inaturalist-open-data.s3.amazonaws.com/photos/285216344/medium.jpg,Acalypha hispida,151
https://static.inaturalist.org/photos/297622500/medium.jpg,Acalypha hispida,151
https://static.inaturalist.org/photos/298375932/medium.jpg,Acalypha hispida,151
https://inaturalist-open-data.s3.amazonaws.com/photos/300015320/medium.jpg,Acalypha hispida,151
https://inaturalist-open-data.s3.amazonaws.com/photos/312170034/medium.jpeg,Acalypha hispida,151
https://inaturalist-open-data.s3.amazonaws.com/photos/314943108/medium.jpg,Acalypha hispida,151
https://inaturalist-open-data.s3.amazonaws.com/photos/315492259/medium.jpeg,Acalypha hispida,151
https://static.inaturalist.org/photos/320059038/medium.jpeg,Acalypha hispida,151
https://static.inaturalist.org/photos/321992901/medium.jpg,Acalypha hispida,151
https://inaturalist-open-data.s3.amazonaws.com/photos/323445807/medium.jpeg,Acalypha hispida,151
https://inaturalist-open-data.s3.amazonaws.com/photos/723533/medium.jpg,Acalypha hispida,151
https://static.inaturalist.org/photos/53876271/medium.jpeg,Acalypha hispida,151
https://inaturalist-open-data.s3.amazonaws.com/photos/76827076/medium.jpeg,Acalypha hispida,151
https://static.inaturalist.org/photos/99787758/medium.jpeg,Acalypha hispida,151
https://inaturalist-open-data.s3.amazonaws.com/photos/126594211/medium.jpeg,Acalypha hispida,151
https://static.inaturalist.org/photos/138107308/medium.jpeg,Acalypha hispida,151
https://static.inaturalist.org/photos/141186668/medium.jpeg,Acalypha hispida,151
https://inaturalist-open-data.s3.amazonaws.com/photos/165940478/medium.jpeg,Acalypha hispida,151
https://inaturalist-open-data.s3.amazonaws.com/photos/221726050/medium.jpeg,Acalypha hispida,151
https://inaturalist-open-data.s3.amazonaws.com/photos/223439026/medium.jpg,Acalypha hispida,151
https://inaturalist-open-data.s3.amazonaws.com/photos/296591578/medium.jpg,Acalypha hispida,151
https://static.inaturalist.org/photos/298030268/medium.jpeg,Acalypha hispida,151
https://inaturalist-open-data.s3.amazonaws.com/photos/12200716/medium.jpeg,Acalypha indica,223
https://inaturalist-open-data.s3.amazonaws.com/photos/14679384/medium.jpeg,Acalypha indica,223
https://static.inaturalist.org/photos/16365495/medium.jpg,Acalypha indica,223
https://static.inaturalist.org/photos/16749930/medium.jpg,Acalypha indica,223
https://static.inaturalist.org/photos/17093274/medium.jpeg,Acalypha indica,223
https://static.inaturalist.org/photos/17395989/medium.jpeg,Acalypha indica,223
https://inaturalist-open-data.s3.amazonaws.com/photos/35893902/medium.jpeg,Acalypha indica,223
https://static.inaturalist.org/photos/46030714/medium.jpeg,Acalypha indica,223
https://static.inaturalist.org/photos/54928472/medium.jpeg,Acalypha indica,223
https://inaturalist-open-data.s3.amazonaws.com/photos/58461242/medium.jpeg,Acalypha indica,223
https://inaturalist-open-data.s3.amazonaws.com/photos/61122298/medium.jpg,Acalypha indica,223
https://inaturalist-open-data.s3.amazonaws.com/photos/71931804/medium.jpeg,Acalypha indica,223
https://inaturalist-open-data.s3.amazonaws.com/photos/74630374/medium.jpeg,Acalypha indica,223
https://inaturalist-open-data.s3.amazonaws.com/photos/75823615/medium.jpeg,Acalypha indica,223
https://static.inaturalist.org/photos/81316983/medium.jpeg,Acalypha indica,223
https://static.inaturalist.org/photos/87412845/medium.jpeg,Acalypha indica,223
https://inaturalist-open-data.s3.amazonaws.com/photos/105757768/medium.jpeg,Acalypha indica,223
https://static.inaturalist.org/photos/116379488/medium.jpeg,Acalypha indica,223
https://static.inaturalist.org/photos/116572050/medium.jpg,Acalypha indica,223
https://inaturalist-open-data.s3.amazonaws.com/photos/117573119/medium.jpeg,Acalypha indica,223
https://static.inaturalist.org/photos/118691902/medium.jpg,Acalypha indica,223
https://inaturalist-open-data.s3.amazonaws.com/photos/118711176/medium.jpeg,Acalypha indica,223
https://static.inaturalist.org/photos/124993218/medium.jpeg,Acalypha indica,223
https://inaturalist-open-data.s3.amazonaws.com/photos/125055946/medium.jpeg,Acalypha indica,223
https://static.inaturalist.org/photos/125068498/medium.jpeg,Acalypha indica,223
https://inaturalist-open-data.s3.amazonaws.com/photos/127053212/medium.jpg,Acalypha indica,223
https://inaturalist-open-data.s3.amazonaws.com/photos/127621526/medium.jpeg,Acalypha indica,223
https://inaturalist-open-data.s3.amazonaws.com/photos/127695481/medium.jpeg,Acalypha indica,223
https://static.inaturalist.org/photos/128350437/medium.jpg,Acalypha indica,223
https://inaturalist-open-data.s3.amazonaws.com/photos/137833950/medium.jpeg,Acalypha indica,223
https://static.inaturalist.org/photos/138517914/medium.jpeg,Acalypha indica,223
https://static.inaturalist.org/photos/145345235/medium.jpeg,Acalypha indica,223
https://inaturalist-open-data.s3.amazonaws.com/photos/155057948/medium.jpeg,Acalypha indica,223
https://static.inaturalist.org/photos/158763606/medium.jpeg,Acalypha indica,223
https://inaturalist-open-data.s3.amazonaws.com/photos/161990978/medium.jpeg,Acalypha indica,223
https://inaturalist-open-data.s3.amazonaws.com/photos/173391407/medium.jpeg,Acalypha indica,223
https://static.inaturalist.org/photos/193535631/medium.jpg,Acalypha indica,223
https://inaturalist-open-data.s3.amazonaws.com/photos/201795873/medium.jpg,Acalypha indica,223
https://inaturalist-open-data.s3.amazonaws.com/photos/215088960/medium.jpeg,Acalypha indica,223
https://inaturalist-open-data.s3.amazonaws.com/photos/228332068/medium.jpg,Acalypha indica,223
https://inaturalist-open-data.s3.amazonaws.com/photos/269252334/medium.jpeg,Acalypha indica,223
https://inaturalist-open-data.s3.amazonaws.com/photos/275049437/medium.jpeg,Acalypha indica,223
https://inaturalist-open-data.s3.amazonaws.com/photos/281211234/medium.jpeg,Acalypha indica,223
https://inaturalist-open-data.s3.amazonaws.com/photos/286447780/medium.jpeg,Acalypha indica,223
https://static.inaturalist.org/photos/293592408/medium.jpg,Acalypha indica,223
https://static.inaturalist.org/photos/298850614/medium.jpg,Acalypha indica,223
https://static.inaturalist.org/photos/308725613/medium.jpg,Acalypha indica,223
https://inaturalist-open-data.s3.amazonaws.com/photos/316695335/medium.jpeg,Acalypha indica,223
https://inaturalist-open-data.s3.amazonaws.com/photos/318385564/medium.jpeg,Acalypha indica,223
https://inaturalist-open-data.s3.amazonaws.com/photos/328428144/medium.jpeg,Acalypha indica,223
https://inaturalist-open-data.s3.amazonaws.com/photos/337737087/medium.jpeg,Acalypha indica,223
https://inaturalist-open-data.s3.amazonaws.com/photos/339482567/medium.jpeg,Acalypha indica,223
https://inaturalist-open-data.s3.amazonaws.com/photos/23727562/medium.jpeg,Acalypha indica,223
https://inaturalist-open-data.s3.amazonaws.com/photos/30432938/medium.jpeg,Acalypha indica,223
https://inaturalist-open-data.s3.amazonaws.com/photos/41539636/medium.jpeg,Acalypha indica,223
https://static.inaturalist.org/photos/41811551/medium.jpeg,Acalypha indica,223
https://inaturalist-open-data.s3.amazonaws.com/photos/46469320/medium.jpeg,Acalypha indica,223
https://inaturalist-open-data.s3.amazonaws.com/photos/46689257/medium.jpeg,Acalypha indica,223
https://inaturalist-open-data.s3.amazonaws.com/photos/47726896/medium.jpeg,Acalypha indica,223
https://inaturalist-open-data.s3.amazonaws.com/photos/49257427/medium.jpg,Acalypha indica,223
https://inaturalist-open-data.s3.amazonaws.com/photos/49861009/medium.jpeg,Acalypha indica,223
https://inaturalist-open-data.s3.amazonaws.com/photos/50089815/medium.jpg,Acalypha indica,223
https://inaturalist-open-data.s3.amazonaws.com/photos/50697716/medium.jpg,Acalypha indica,223
https://inaturalist-open-data.s3.amazonaws.com/photos/50714944/medium.jpg,Acalypha indica,223
https://inaturalist-open-data.s3.amazonaws.com/photos/50744121/medium.jpg,Acalypha indica,223
https://inaturalist-open-data.s3.amazonaws.com/photos/50951113/medium.jpg,Acalypha indica,223
https://inaturalist-open-data.s3.amazonaws.com/photos/51204502/medium.jpeg,Acalypha indica,223
https://inaturalist-open-data.s3.amazonaws.com/photos/52575794/medium.jpg,Acalypha indica,223
https://inaturalist-open-data.s3.amazonaws.com/photos/52744613/medium.jpg,Acalypha indica,223
https://inaturalist-open-data.s3.amazonaws.com/photos/52947801/medium.jpeg,Acalypha indica,223
https://inaturalist-open-data.s3.amazonaws.com/photos/52991166/medium.jpg,Acalypha indica,223
https://inaturalist-open-data.s3.amazonaws.com/photos/54429576/medium.jpeg,Acalypha indica,223
https://inaturalist-open-data.s3.amazonaws.com/photos/55471227/medium.jpeg,Acalypha indica,223
https://inaturalist-open-data.s3.amazonaws.com/photos/57381220/medium.jpeg,Acalypha indica,223
https://inaturalist-open-data.s3.amazonaws.com/photos/60523508/medium.jpg,Acalypha indica,223
https://inaturalist-open-data.s3.amazonaws.com/photos/60902991/medium.jpeg,Acalypha indica,223
https://inaturalist-open-data.s3.amazonaws.com/photos/61249725/medium.jpg,Acalypha indica,223
https://inaturalist-open-data.s3.amazonaws.com/photos/61249763/medium.jpg,Acalypha indica,223
https://inaturalist-open-data.s3.amazonaws.com/photos/61467450/medium.jpg,Acalypha indica,223
https://static.inaturalist.org/photos/61823845/medium.jpeg,Acalypha indica,223
https://static.inaturalist.org/photos/61992768/medium.jpeg,Acalypha indica,223
https://inaturalist-open-data.s3.amazonaws.com/photos/62419865/medium.jpeg,Acalypha indica,223
https://inaturalist-open-data.s3.amazonaws.com/photos/63446535/medium.jpg,Acalypha indica,223
https://static.inaturalist.org/photos/63449608/medium.jpeg,Acalypha indica,223
https://static.inaturalist.org/photos/63518249/medium.jpeg,Acalypha indica,223
https://static.inaturalist.org/photos/63631357/medium.jpeg,Acalypha indica,223
https://static.inaturalist.org/photos/64170063/medium.jpeg,Acalypha indica,223
https://static.inaturalist.org/photos/64170310/medium.jpeg,Acalypha indica,223
https://inaturalist-open-data.s3.amazonaws.com/photos/64403736/medium.jpeg,Acalypha indica,223
https://inaturalist-open-data.s3.amazonaws.com/photos/65767359/medium.jpg,Acalypha indica,223
https://inaturalist-open-data.s3.amazonaws.com/photos/66501047/medium.jpg,Acalypha indica,223
https://inaturalist-open-data.s3.amazonaws.com/photos/70874503/medium.jpeg,Acalypha indica,223
https://static.inaturalist.org/photos/71573593/medium.jpg,Acalypha indica,223
https://inaturalist-open-data.s3.amazonaws.com/photos/72151961/medium.jpeg,Acalypha indica,223
https://inaturalist-open-data.s3.amazonaws.com/photos/72408300/medium.jpg,Acalypha indica,223
https://inaturalist-open-data.s3.amazonaws.com/photos/74066757/medium.jpeg,Acalypha indica,223
https://inaturalist-open-data.s3.amazonaws.com/photos/75869612/medium.jpeg,Acalypha indica,223
https://inaturalist-open-data.s3.amazonaws.com/photos/77814634/medium.jpeg,Acalypha indica,223
https://inaturalist-open-data.s3.amazonaws.com/photos/78304638/medium.jpeg,Acalypha indica,223
https://inaturalist-open-data.s3.amazonaws.com/photos/79053752/medium.jpg,Acalypha indica,223
https://inaturalist-open-data.s3.amazonaws.com/photos/79448877/medium.jpeg,Acalypha indica,223
https://static.inaturalist.org/photos/79598925/medium.jpeg,Acalypha indica,223
https://inaturalist-open-data.s3.amazonaws.com/photos/80974355/medium.jpg,Acalypha indica,223
https://inaturalist-open-data.s3.amazonaws.com/photos/83209862/medium.jpeg,Acalypha indica,223
https://inaturalist-open-data.s3.amazonaws.com/photos/84302353/medium.jpeg,Acalypha indica,223
https://inaturalist-open-data.s3.amazonaws.com/photos/84347614/medium.jpeg,Acalypha indica,223
https://inaturalist-open-data.s3.amazonaws.com/photos/84621058/medium.jpeg,Acalypha indica,223
https://inaturalist-open-data.s3.amazonaws.com/photos/84795188/medium.jpeg,Acalypha indica,223
https://inaturalist-open-data.s3.amazonaws.com/photos/84966059/medium.jpeg,Acalypha indica,223
https://inaturalist-open-data.s3.amazonaws.com/photos/85168530/medium.jpeg,Acalypha indica,223
https://inaturalist-open-data.s3.amazonaws.com/photos/85737325/medium.jpeg,Acalypha indica,223
https://inaturalist-open-data.s3.amazonaws.com/photos/86081256/medium.jpeg,Acalypha indica,223
https://inaturalist-open-data.s3.amazonaws.com/photos/86256788/medium.jpeg,Acalypha indica,223
https://inaturalist-open-data.s3.amazonaws.com/photos/86257045/medium.jpeg,Acalypha indica,223
https://static.inaturalist.org/photos/88837914/medium.jpeg,Acalypha indica,223
https://static.inaturalist.org/photos/88843153/medium.jpeg,Acalypha indica,223
https://inaturalist-open-data.s3.amazonaws.com/photos/89001758/medium.jpeg,Acalypha indica,223
https://static.inaturalist.org/photos/89089231/medium.jpeg,Acalypha indica,223
https://static.inaturalist.org/photos/89534807/medium.jpeg,Acalypha indica,223
https://inaturalist-open-data.s3.amazonaws.com/photos/89548581/medium.jpeg,Acalypha indica,223
https://inaturalist-open-data.s3.amazonaws.com/photos/89667825/medium.jpeg,Acalypha indica,223
https://inaturalist-open-data.s3.amazonaws.com/photos/89709359/medium.jpeg,Acalypha indica,223
https://static.inaturalist.org/photos/90009165/medium.jpeg,Acalypha indica,223
https://static.inaturalist.org/photos/90042839/medium.jpeg,Acalypha indica,223
https://inaturalist-open-data.s3.amazonaws.com/photos/90061321/medium.jpeg,Acalypha indica,223
https://inaturalist-open-data.s3.amazonaws.com/photos/90913011/medium.jpg,Acalypha indica,223
https://inaturalist-open-data.s3.amazonaws.com/photos/92401522/medium.jpeg,Acalypha indica,223
https://static.inaturalist.org/photos/94243578/medium.jpeg,Acalypha indica,223
https://inaturalist-open-data.s3.amazonaws.com/photos/94740339/medium.jpeg,Acalypha indica,223
https://static.inaturalist.org/photos/94741878/medium.jpeg,Acalypha indica,223
https://inaturalist-open-data.s3.amazonaws.com/photos/94948695/medium.jpg,Acalypha indica,223
https://inaturalist-open-data.s3.amazonaws.com/photos/94948825/medium.jpg,Acalypha indica,223
https://inaturalist-open-data.s3.amazonaws.com/photos/96905512/medium.jpg,Acalypha indica,223
https://static.inaturalist.org/photos/97258654/medium.jpeg,Acalypha indica,223
https://static.inaturalist.org/photos/97879823/medium.jpeg,Acalypha indica,223
https://static.inaturalist.org/photos/97882320/medium.jpeg,Acalypha indica,223
https://static.inaturalist.org/photos/97882900/medium.jpeg,Acalypha indica,223
https://static.inaturalist.org/photos/98347350/medium.jpeg,Acalypha indica,223
https://static.inaturalist.org/photos/99033025/medium.jpeg,Acalypha indica,223
https://inaturalist-open-data.s3.amazonaws.com/photos/100090824/medium.jpg,Acalypha indica,223
https://static.inaturalist.org/photos/100186277/medium.jpeg,Acalypha indica,223
https://static.inaturalist.org/photos/100622881/medium.jpeg,Acalypha indica,223
https://inaturalist-open-data.s3.amazonaws.com/photos/101849042/medium.jpeg,Acalypha indica,223
https://inaturalist-open-data.s3.amazonaws.com/photos/102357161/medium.jpg,Acalypha indica,223
https://inaturalist-open-data.s3.amazonaws.com/photos/104199036/medium.jpeg,Acalypha indica,223
https://inaturalist-open-data.s3.amazonaws.com/photos/104217634/medium.jpeg,Acalypha indica,223
https://static.inaturalist.org/photos/104438188/medium.jpeg,Acalypha indica,223
https://inaturalist-open-data.s3.amazonaws.com/photos/105857014/medium.jpeg,Acalypha indica,223
https://inaturalist-open-data.s3.amazonaws.com/photos/106102051/medium.jpeg,Acalypha indica,223
https://static.inaturalist.org/photos/106911485/medium.jpeg,Acalypha indica,223
https://static.inaturalist.org/photos/108489564/medium.jpeg,Acalypha indica,223
https://inaturalist-open-data.s3.amazonaws.com/photos/108775575/medium.jpeg,Acalypha indica,223
https://inaturalist-open-data.s3.amazonaws.com/photos/109282896/medium.jpeg,Acalypha indica,223
https://static.inaturalist.org/photos/110362876/medium.jpeg,Acalypha indica,223
https://static.inaturalist.org/photos/110384325/medium.jpeg,Acalypha indica,223
https://static.inaturalist.org/photos/110499467/medium.jpeg,Acalypha indica,223
https://inaturalist-open-data.s3.amazonaws.com/photos/110662953/medium.jpeg,Acalypha indica,223
https://static.inaturalist.org/photos/110695120/medium.jpeg,Acalypha indica,223
https://static.inaturalist.org/photos/110998785/medium.jpeg,Acalypha indica,223
https://inaturalist-open-data.s3.amazonaws.com/photos/115876583/medium.jpeg,Acalypha indica,223
https://static.inaturalist.org/photos/117198478/medium.jpeg,Acalypha indica,223
https://static.inaturalist.org/photos/118541514/medium.jpeg,Acalypha indica,223
https://static.inaturalist.org/photos/119598583/medium.jpeg,Acalypha indica,223
https://static.inaturalist.org/photos/123984779/medium.jpg,Acalypha indica,223
https://inaturalist-open-data.s3.amazonaws.com/photos/123996632/medium.jpg,Acalypha indica,223
https://inaturalist-open-data.s3.amazonaws.com/photos/132787952/medium.jpeg,Acalypha indica,223
https://static.inaturalist.org/photos/132858712/medium.jpeg,Acalypha indica,223
https://inaturalist-open-data.s3.amazonaws.com/photos/138519182/medium.jpg,Acalypha indica,223
https://static.inaturalist.org/photos/139177170/medium.jpeg,Acalypha indica,223
https://inaturalist-open-data.s3.amazonaws.com/photos/140167747/medium.jpg,Acalypha indica,223
https://inaturalist-open-data.s3.amazonaws.com/photos/140348161/medium.jpeg,Acalypha indica,223
https://static.inaturalist.org/photos/140787439/medium.jpeg,Acalypha indica,223
https://inaturalist-open-data.s3.amazonaws.com/photos/141399948/medium.jpeg,Acalypha indica,223
https://inaturalist-open-data.s3.amazonaws.com/photos/144014412/medium.jpeg,Acalypha indica,223
https://static.inaturalist.org/photos/150214259/medium.jpeg,Acalypha indica,223
https://inaturalist-open-data.s3.amazonaws.com/photos/153944449/medium.jpeg,Acalypha indica,223
https://static.inaturalist.org/photos/155340205/medium.jpeg,Acalypha indica,223
https://static.inaturalist.org/photos/161193353/medium.jpeg,Acalypha indica,223
https://inaturalist-open-data.s3.amazonaws.com/photos/168208530/medium.jpeg,Acalypha indica,223
https://inaturalist-open-data.s3.amazonaws.com/photos/169324323/medium.jpg,Acalypha indica,223
https://static.inaturalist.org/photos/170392673/medium.jpeg,Acalypha indica,223
https://static.inaturalist.org/photos/170573815/medium.jpg,Acalypha indica,223
https://inaturalist-open-data.s3.amazonaws.com/photos/172847002/medium.jpeg,Acalypha indica,223
https://static.inaturalist.org/photos/175135766/medium.jpeg,Acalypha indica,223
https://inaturalist-open-data.s3.amazonaws.com/photos/175570998/medium.jpg,Acalypha indica,223
https://inaturalist-open-data.s3.amazonaws.com/photos/179705530/medium.jpg,Acalypha indica,223
https://inaturalist-open-data.s3.amazonaws.com/photos/183077531/medium.jpeg,Acalypha indica,223
https://static.inaturalist.org/photos/186200319/medium.jpeg,Acalypha indica,223
https://inaturalist-open-data.s3.amazonaws.com/photos/189784133/medium.jpg,Acalypha indica,223
https://inaturalist-open-data.s3.amazonaws.com/photos/200432459/medium.jpeg,Acalypha indica,223
https://static.inaturalist.org/photos/204264711/medium.jpeg,Acalypha indica,223
https://inaturalist-open-data.s3.amazonaws.com/photos/214293889/medium.jpg,Acalypha indica,223
https://inaturalist-open-data.s3.amazonaws.com/photos/223870041/medium.jpeg,Acalypha indica,223
https://inaturalist-open-data.s3.amazonaws.com/photos/232755771/medium.jpeg,Acalypha indica,223
https://static.inaturalist.org/photos/243455117/medium.jpg,Acalypha indica,223
https://inaturalist-open-data.s3.amazonaws.com/photos/246333176/medium.jpeg,Acalypha indica,223
https://static.inaturalist.org/photos/248469342/medium.jpeg,Acalypha indica,223
https://static.inaturalist.org/photos/249072368/medium.jpg,Acalypha indica,223
https://static.inaturalist.org/photos/256697256/medium.jpeg,Acalypha indica,223
https://inaturalist-open-data.s3.amazonaws.com/photos/258488292/medium.jpeg,Acalypha indica,223
https://inaturalist-open-data.s3.amazonaws.com/photos/258488310/medium.jpeg,Acalypha indica,223
https://static.inaturalist.org/photos/283589115/medium.jpeg,Acalypha indica,223
https://static.inaturalist.org/photos/298003587/medium.jpeg,Acalypha indica,223
https://static.inaturalist.org/photos/298027687/medium.jpeg,Acalypha indica,223
https://static.inaturalist.org/photos/298028185/medium.jpeg,Acalypha indica,223
https://static.inaturalist.org/photos/298028430/medium.jpeg,Acalypha indica,223
https://static.inaturalist.org/photos/298743773/medium.jpeg,Acalypha indica,223
https://static.inaturalist.org/photos/299149811/medium.jpeg,Acalypha indica,223
https://static.inaturalist.org/photos/299150896/medium.jpeg,Acalypha indica,223
https://static.inaturalist.org/photos/299153848/medium.jpeg,Acalypha indica,223
https://static.inaturalist.org/photos/299154025/medium.jpeg,Acalypha indica,223
https://static.inaturalist.org/photos/299747727/medium.jpeg,Acalypha indica,223
https://static.inaturalist.org/photos/299750644/medium.jpeg,Acalypha indica,223
https://static.inaturalist.org/photos/300307914/medium.jpeg,Acalypha indica,223
https://static.inaturalist.org/photos/300315743/medium.jpeg,Acalypha indica,223
https://static.inaturalist.org/photos/306439736/medium.jpeg,Acalypha indica,223
https://static.inaturalist.org/photos/311501382/medium.jpeg,Acalypha indica,223
https://inaturalist-open-data.s3.amazonaws.com/photos/311755851/medium.jpg,Acalypha indica,223
https://static.inaturalist.org/photos/316632279/medium.jpeg,Acalypha indica,223
https://static.inaturalist.org/photos/319478687/medium.jpeg,Acalypha indica,223
https://static.inaturalist.org/photos/326607066/medium.jpeg,Acalypha indica,223
https://inaturalist-open-data.s3.amazonaws.com/photos/330919641/medium.jpeg,Acalypha indica,223
https://inaturalist-open-data.s3.amazonaws.com/photos/330946850/medium.jpeg,Acalypha indica,223
https://inaturalist-open-data.s3.amazonaws.com/photos/844322/medium.JPG,Acalypha siamensis,93
https://inaturalist-open-data.s3.amazonaws.com/photos/22773926/medium.jpeg,Acalypha siamensis,93
https://inaturalist-open-data.s3.amazonaws.com/photos/31362387/medium.jpeg,Acalypha siamensis,93
https://static.inaturalist.org/photos/31766089/medium.jpeg,Acalypha siamensis,93
https://inaturalist-open-data.s3.amazonaws.com/photos/48829274/medium.jpeg,Acalypha siamensis,93
https://inaturalist-open-data.s3.amazonaws.com/photos/60527327/medium.jpg,Acalypha siamensis,93
https://inaturalist-open-data.s3.amazonaws.com/photos/63653161/medium.jpeg,Acalypha siamensis,93
https://inaturalist-open-data.s3.amazonaws.com/photos/69525575/medium.jpg,Acalypha siamensis,93
https://inaturalist-open-data.s3.amazonaws.com/photos/81172708/medium.jpeg,Acalypha siamensis,93
https://inaturalist-open-data.s3.amazonaws.com/photos/91417114/medium.jpg,Acalypha siamensis,93
https://static.inaturalist.org/photos/107907902/medium.jpeg,Acalypha siamensis,93
https://inaturalist-open-data.s3.amazonaws.com/photos/111585952/medium.jpeg,Acalypha siamensis,93
https://inaturalist-open-data.s3.amazonaws.com/photos/116954340/medium.jpeg,Acalypha siamensis,93
https://inaturalist-open-data.s3.amazonaws.com/photos/120408410/medium.jpeg,Acalypha siamensis,93
https://inaturalist-open-data.s3.amazonaws.com/photos/123975357/medium.jpg,Acalypha siamensis,93
https://static.inaturalist.org/photos/124383074/medium.jpg,Acalypha siamensis,93
https://inaturalist-open-data.s3.amazonaws.com/photos/127450528/medium.jpeg,Acalypha siamensis,93
https://inaturalist-open-data.s3.amazonaws.com/photos/132109821/medium.jpg,Acalypha siamensis,93
https://inaturalist-open-data.s3.amazonaws.com/photos/132109855/medium.jpg,Acalypha siamensis,93
https://inaturalist-open-data.s3.amazonaws.com/photos/135423049/medium.jpeg,Acalypha siamensis,93
https://inaturalist-open-data.s3.amazonaws.com/photos/140123986/medium.jpeg,Acalypha siamensis,93
https://inaturalist-open-data.s3.amazonaws.com/photos/142847639/medium.jpg,Acalypha siamensis,93
https://static.inaturalist.org/photos/146777210/medium.jpeg,Acalypha siamensis,93
https://inaturalist-open-data.s3.amazonaws.com/photos/178294844/medium.jpeg,Acalypha siamensis,93
https://inaturalist-open-data.s3.amazonaws.com/photos/205375078/medium.jpg,Acalypha siamensis,93
https://inaturalist-open-data.s3.amazonaws.com/photos/229954162/medium.jpg,Acalypha siamensis,93
https://inaturalist-open-data.s3.amazonaws.com/photos/233004931/medium.jpeg,Acalypha siamensis,93
https://inaturalist-open-data.s3.amazonaws.com/photos/233297125/medium.jpeg,Acalypha siamensis,93
https://static.inaturalist.org/photos/248670173/medium.jpeg,Acalypha siamensis,93
https://inaturalist-open-data.s3.amazonaws.com/photos/251674019/medium.jpeg,Acalypha siamensis,93
https://inaturalist-open-data.s3.amazonaws.com/photos/263487260/medium.jpeg,Acalypha siamensis,93
https://inaturalist-open-data.s3.amazonaws.com/photos/264949751/medium.jpg,Acalypha siamensis,93
https://inaturalist-open-data.s3.amazonaws.com/photos/265022410/medium.jpg,Acalypha siamensis,93
https://static.inaturalist.org/photos/271783566/medium.jpeg,Acalypha siamensis,93
https://inaturalist-open-data.s3.amazonaws.com/photos/272216611/medium.jpg,Acalypha siamensis,93
https://static.inaturalist.org/photos/273037068/medium.jpg,Acalypha siamensis,93
https://inaturalist-open-data.s3.amazonaws.com/photos/273053153/medium.jpg,Acalypha siamensis,93
https://static.inaturalist.org/photos/273257647/medium.jpeg,Acalypha siamensis,93
https://inaturalist-open-data.s3.amazonaws.com/photos/273258495/medium.jpg,Acalypha siamensis,93
https://inaturalist-open-data.s3.amazonaws.com/photos/273896437/medium.jpeg,Acalypha siamensis,93
https://static.inaturalist.org/photos/274083083/medium.jpeg,Acalypha siamensis,93
https://inaturalist-open-data.s3.amazonaws.com/photos/274119385/medium.jpg,Acalypha siamensis,93
https://static.inaturalist.org/photos/274112639/medium.jpg,Acalypha siamensis,93
https://static.inaturalist.org/photos/274138404/medium.jpg,Acalypha siamensis,93
https://inaturalist-open-data.s3.amazonaws.com/photos/278113576/medium.jpg,Acalypha siamensis,93
https://static.inaturalist.org/photos/280893389/medium.jpeg,Acalypha siamensis,93
https://inaturalist-open-data.s3.amazonaws.com/photos/281506112/medium.jpeg,Acalypha siamensis,93
https://inaturalist-open-data.s3.amazonaws.com/photos/281506872/medium.jpeg,Acalypha siamensis,93
https://inaturalist-open-data.s3.amazonaws.com/photos/283025086/medium.jpeg,Acalypha siamensis,93
https://static.inaturalist.org/photos/283614852/medium.jpeg,Acalypha siamensis,93
https://static.inaturalist.org/photos/285153526/medium.jpeg,Acalypha siamensis,93
https://static.inaturalist.org/photos/292211133/medium.jpeg,Acalypha siamensis,93
https://inaturalist-open-data.s3.amazonaws.com/photos/292286605/medium.jpg,Acalypha siamensis,93
https://inaturalist-open-data.s3.amazonaws.com/photos/301438168/medium.jpeg,Acalypha siamensis,93
https://static.inaturalist.org/photos/305093969/medium.jpg,Acalypha siamensis,93
https://inaturalist-open-data.s3.amazonaws.com/photos/317829276/medium.jpg,Acalypha siamensis,93
https://static.inaturalist.org/photos/317852831/medium.jpg,Acalypha siamensis,93
https://inaturalist-open-data.s3.amazonaws.com/photos/318009186/medium.jpeg,Acalypha siamensis,93
https://static.inaturalist.org/photos/318412298/medium.jpeg,Acalypha siamensis,93
https://static.inaturalist.org/photos/318440300/medium.jpg,Acalypha siamensis,93
https://inaturalist-open-data.s3.amazonaws.com/photos/319288803/medium.jpg,Acalypha siamensis,93
https://inaturalist-open-data.s3.amazonaws.com/photos/321288567/medium.jpeg,Acalypha siamensis,93
https://inaturalist-open-data.s3.amazonaws.com/photos/321544216/medium.jpeg,Acalypha siamensis,93
https://inaturalist-open-data.s3.amazonaws.com/photos/323473198/medium.jpeg,Acalypha siamensis,93
https://inaturalist-open-data.s3.amazonaws.com/photos/323473531/medium.jpeg,Acalypha siamensis,93
https://inaturalist-open-data.s3.amazonaws.com/photos/327542226/medium.jpeg,Acalypha siamensis,93
https://static.inaturalist.org/photos/330936781/medium.jpg,Acalypha siamensis,93
https://inaturalist-open-data.s3.amazonaws.com/photos/331156382/medium.jpeg,Acalypha siamensis,93
https://inaturalist-open-data.s3.amazonaws.com/photos/332642166/medium.jpg,Acalypha siamensis,93
https://inaturalist-open-data.s3.amazonaws.com/photos/9314526/medium.jpeg,Acalypha siamensis,93
https://inaturalist-open-data.s3.amazonaws.com/photos/62495918/medium.jpeg,Acalypha siamensis,93
https://static.inaturalist.org/photos/80783069/medium.jpg,Acalypha siamensis,93
https://static.inaturalist.org/photos/89879228/medium.jpeg,Acalypha siamensis,93
https://inaturalist-open-data.s3.amazonaws.com/photos/93281705/medium.jpg,Acalypha siamensis,93
https://inaturalist-open-data.s3.amazonaws.com/photos/97424921/medium.jpg,Acalypha siamensis,93
https://inaturalist-open-data.s3.amazonaws.com/photos/108347637/medium.jpeg,Acalypha siamensis,93
https://static.inaturalist.org/photos/110369496/medium.jpeg,Acalypha siamensis,93
https://inaturalist-open-data.s3.amazonaws.com/photos/120116156/medium.jpeg,Acalypha siamensis,93
https://inaturalist-open-data.s3.amazonaws.com/photos/135404374/medium.jpg,Acalypha siamensis,93
https://inaturalist-open-data.s3.amazonaws.com/photos/143348683/medium.jpeg,Acalypha siamensis,93
https://inaturalist-open-data.s3.amazonaws.com/photos/181384834/medium.jpg,Acalypha siamensis,93
https://inaturalist-open-data.s3.amazonaws.com/photos/186193061/medium.jpeg,Acalypha siamensis,93
https://inaturalist-open-data.s3.amazonaws.com/photos/187208356/medium.jpeg,Acalypha siamensis,93
https://inaturalist-open-data.s3.amazonaws.com/photos/192817178/medium.jpg,Acalypha siamensis,93
https://inaturalist-open-data.s3.amazonaws.com/photos/197208734/medium.jpeg,Acalypha siamensis,93
https://inaturalist-open-data.s3.amazonaws.com/photos/218726215/medium.jpg,Acalypha siamensis,93
https://inaturalist-open-data.s3.amazonaws.com/photos/233493334/medium.jpg,Acalypha siamensis,93
https://inaturalist-open-data.s3.amazonaws.com/photos/236195929/medium.jpg,Acalypha siamensis,93
https://inaturalist-open-data.s3.amazonaws.com/photos/241930670/medium.jpeg,Acalypha siamensis,93
https://inaturalist-open-data.s3.amazonaws.com/photos/244486200/medium.jpeg,Acalypha siamensis,93
https://inaturalist-open-data.s3.amazonaws.com/photos/249850655/medium.jpeg,Acalypha siamensis,93
https://static.inaturalist.org/photos/316028571/medium.jpeg,Acalypha siamensis,93
https://static.inaturalist.org/photos/331908249/medium.jpeg,Acalypha siamensis,93
https://inaturalist-open-data.s3.amazonaws.com/photos/719238/medium.JPG,Acalypha wilkesiana,67
https://inaturalist-open-data.s3.amazonaws.com/photos/27339282/medium.jpeg,Acalypha wilkesiana,67
https://static.inaturalist.org/photos/31755671/medium.jpeg,Acalypha wilkesiana,67
https://static.inaturalist.org/photos/31762475/medium.jpeg,Acalypha wilkesiana,67
https://inaturalist-open-data.s3.amazonaws.com/photos/31761695/medium.jpeg,Acalypha wilkesiana,67
https://inaturalist-open-data.s3.amazonaws.com/photos/31771698/medium.jpeg,Acalypha wilkesiana,67
https://inaturalist-open-data.s3.amazonaws.com/photos/31782372/medium.jpeg,Acalypha wilkesiana,67
https://static.inaturalist.org/photos/31784313/medium.jpeg,Acalypha wilkesiana,67
https://inaturalist-open-data.s3.amazonaws.com/photos/31789057/medium.jpeg,Acalypha wilkesiana,67
https://static.inaturalist.org/photos/31794103/medium.jpeg,Acalypha wilkesiana,67
https://inaturalist-open-data.s3.amazonaws.com/photos/31798641/medium.jpeg,Acalypha wilkesiana,67
https://static.inaturalist.org/photos/31802667/medium.jpg,Acalypha wilkesiana,67
https://inaturalist-open-data.s3.amazonaws.com/photos/31812468/medium.jpg,Acalypha wilkesiana,67
https://inaturalist-open-data.s3.amazonaws.com/photos/31815222/medium.jpeg,Acalypha wilkesiana,67
https://static.inaturalist.org/photos/31832957/medium.jpg,Acalypha wilkesiana,67
https://static.inaturalist.org/photos/31832972/medium.jpeg,Acalypha wilkesiana,67
https://inaturalist-open-data.s3.amazonaws.com/photos/31838361/medium.jpeg,Acalypha wilkesiana,67
https://static.inaturalist.org/photos/31840229/medium.jpg,Acalypha wilkesiana,67
https://static.inaturalist.org/photos/31843331/medium.jpeg,Acalypha wilkesiana,67
https://static.inaturalist.org/photos/31848515/medium.jpeg,Acalypha wilkesiana,67
https://inaturalist-open-data.s3.amazonaws.com/photos/31874473/medium.jpeg,Acalypha wilkesiana,67
https://inaturalist-open-data.s3.amazonaws.com/photos/31877895/medium.jpg,Acalypha wilkesiana,67
https://static.inaturalist.org/photos/36511362/medium.jpeg,Acalypha wilkesiana,67
https://inaturalist-open-data.s3.amazonaws.com/photos/36643534/medium.jpg,Acalypha wilkesiana,67
https://static.inaturalist.org/photos/37515995/medium.jpg,Acalypha wilkesiana,67
https://inaturalist-open-data.s3.amazonaws.com/photos/37532707/medium.jpg,Acalypha wilkesiana,67
https://inaturalist-open-data.s3.amazonaws.com/photos/103736889/medium.jpeg,Acalypha wilkesiana,67
https://static.inaturalist.org/photos/116493155/medium.jpeg,Acalypha wilkesiana,67
https://inaturalist-open-data.s3.amazonaws.com/photos/120572483/medium.jpeg,Acalypha wilkesiana,67
https://static.inaturalist.org/photos/125114917/medium.jpg,Acalypha wilkesiana,67
https://static.inaturalist.org/photos/128581862/medium.jpeg,Acalypha wilkesiana,67
https://static.inaturalist.org/photos/137796369/medium.jpg,Acalypha wilkesiana,67
https://inaturalist-open-data.s3.amazonaws.com/photos/189395916/medium.jpeg,Acalypha wilkesiana,67
https://static.inaturalist.org/photos/193569905/medium.jpg,Acalypha wilkesiana,67
https://static.inaturalist.org/photos/197753951/medium.jpg,Acalypha wilkesiana,67
https://static.inaturalist.org/photos/232300342/medium.jpeg,Acalypha wilkesiana,67
https://inaturalist-open-data.s3.amazonaws.com/photos/243928389/medium.jpg,Acalypha wilkesiana,67
https://inaturalist-open-data.s3.amazonaws.com/photos/246949901/medium.jpg,Acalypha wilkesiana,67
https://static.inaturalist.org/photos/272413753/medium.jpeg,Acalypha wilkesiana,67
https://static.inaturalist.org/photos/273089317/medium.jpg,Acalypha wilkesiana,67
https://inaturalist-open-data.s3.amazonaws.com/photos/273931528/medium.jpg,Acalypha wilkesiana,67
https://inaturalist-open-data.s3.amazonaws.com/photos/279659792/medium.jpg,Acalypha wilkesiana,67
https://static.inaturalist.org/photos/279874831/medium.jpeg,Acalypha wilkesiana,67
https://inaturalist-open-data.s3.amazonaws.com/photos/279797185/medium.jpg,Acalypha wilkesiana,67
https://inaturalist-open-data.s3.amazonaws.com/photos/280918217/medium.jpg,Acalypha wilkesiana,67
https://inaturalist-open-data.s3.amazonaws.com/photos/280929892/medium.jpg,Acalypha wilkesiana,67
https://static.inaturalist.org/photos/281517788/medium.jpeg,Acalypha wilkesiana,67
https://inaturalist-open-data.s3.amazonaws.com/photos/281956986/medium.jpeg,Acalypha wilkesiana,67
https://inaturalist-open-data.s3.amazonaws.com/photos/282719247/medium.jpg,Acalypha wilkesiana,67
https://inaturalist-open-data.s3.amazonaws.com/photos/282915203/medium.jpg,Acalypha wilkesiana,67
https://inaturalist-open-data.s3.amazonaws.com/photos/282975896/medium.jpeg,Acalypha wilkesiana,67
https://inaturalist-open-data.s3.amazonaws.com/photos/283587546/medium.jpeg,Acalypha wilkesiana,67
https://inaturalist-open-data.s3.amazonaws.com/photos/284733348/medium.jpeg,Acalypha wilkesiana,67
https://static.inaturalist.org/photos/285463809/medium.jpg,Acalypha wilkesiana,67
https://inaturalist-open-data.s3.amazonaws.com/photos/286393566/medium.jpeg,Acalypha wilkesiana,67
https://inaturalist-open-data.s3.amazonaws.com/photos/293008753/medium.jpeg,Acalypha wilkesiana,67
https://static.inaturalist.org/photos/318425173/medium.jpeg,Acalypha wilkesiana,67
https://static.inaturalist.org/photos/318425506/medium.jpeg,Acalypha wilkesiana,67
https://static.inaturalist.org/photos/320360201/medium.jpeg,Acalypha wilkesiana,67
https://inaturalist-open-data.s3.amazonaws.com/photos/322281432/medium.jpeg,Acalypha wilkesiana,67
https://inaturalist-open-data.s3.amazonaws.com/photos/327088671/medium.jpg,Acalypha wilkesiana,67
https://inaturalist-open-data.s3.amazonaws.com/photos/328052342/medium.jpeg,Acalypha wilkesiana,67
https://inaturalist-open-data.s3.amazonaws.com/photos/328052465/medium.jpeg,Acalypha wilkesiana,67
https://inaturalist-open-data.s3.amazonaws.com/photos/329929913/medium.jpeg,Acalypha wilkesiana,67
https://inaturalist-open-data.s3.amazonaws.com/photos/35251889/medium.jpeg,Acalypha wilkesiana,67
https://static.inaturalist.org/photos/47689044/medium.jpeg,Acalypha wilkesiana,67
https://inaturalist-open-data.s3.amazonaws.com/photos/124487067/medium.jpeg,Acalypha wilkesiana,67
